{"v":"4.8.0","meta":{"g":"LottieFiles AE 3.1.1","a":"","k":"","d":"","tc":""},"fr":24,"ip":0,"op":48,"w":408,"h":522,"nm":"dons_2","ddd":0,"assets":[],"layers":[{"ddd":0,"ind":1,"ty":4,"nm":"Layer 4 Outlines","sr":1,"ks":{"o":{"a":0,"k":100,"ix":11},"r":{"a":0,"k":0,"ix":10},"p":{"a":0,"k":[181.326,214.081,0],"ix":2},"a":{"a":0,"k":[28.299,22.945,0],"ix":1},"s":{"a":0,"k":[100,108.675,100],"ix":6}},"ao":0,"shapes":[{"ty":"gr","it":[{"ind":0,"ty":"sh","ix":1,"ks":{"a":0,"k":{"i":[[-13.354,-5.413],[3.868,-9.545],[13.355,5.413],[-3.869,9.544]],"o":[[13.354,5.413],[-3.869,9.544],[-13.354,-5.413],[3.868,-9.545]],"v":[[7.005,-17.282],[24.181,9.801],[-7.005,17.282],[-24.18,-9.801]],"c":true},"ix":2},"nm":"Path 1","mn":"ADBE Vector Shape - Group","hd":false},{"ty":"fl","c":{"a":0,"k":[0.992156922583,0.976470648074,0.952941236309,1],"ix":4},"o":{"a":0,"k":100,"ix":5},"r":1,"bm":0,"nm":"Fill 1","mn":"ADBE Vector Graphic - Fill","hd":false},{"ty":"tr","p":{"a":0,"k":[28.299,22.945],"ix":2},"a":{"a":0,"k":[0,0],"ix":1},"s":{"a":0,"k":[100,100],"ix":3},"r":{"a":0,"k":0,"ix":6},"o":{"a":0,"k":100,"ix":7},"sk":{"a":0,"k":0,"ix":4},"sa":{"a":0,"k":0,"ix":5},"nm":"Transform"}],"nm":"Group 1","np":4,"cix":2,"bm":0,"ix":1,"mn":"ADBE Vector Group","hd":false}],"ip":0,"op":48,"st":0,"bm":0},{"ddd":0,"ind":2,"ty":4,"nm":"bras","parent":5,"sr":1,"ks":{"o":{"a":0,"k":100,"ix":11},"r":{"a":1,"k":[{"i":{"x":[0.667],"y":[1]},"o":{"x":[0.167],"y":[0]},"t":0,"s":[-0.462]},{"i":{"x":[0.667],"y":[1]},"o":{"x":[0.333],"y":[0]},"t":9,"s":[-10.65]},{"i":{"x":[0.667],"y":[1]},"o":{"x":[0.333],"y":[0]},"t":20,"s":[-10.65]},{"i":{"x":[0],"y":[1]},"o":{"x":[1],"y":[0]},"t":24,"s":[34]},{"i":{"x":[0.09],"y":[1]},"o":{"x":[1],"y":[0]},"t":26,"s":[22]},{"i":{"x":[0.833],"y":[1]},"o":{"x":[0.167],"y":[0]},"t":29,"s":[34]},{"t":36,"s":[-0.462]}],"ix":10},"p":{"a":0,"k":[133.32,104.53,0],"ix":2},"a":{"a":0,"k":[38.938,195.403,0],"ix":1},"s":{"a":0,"k":[100,100,100],"ix":6}},"ao":0,"shapes":[{"ty":"gr","it":[{"ind":0,"ty":"sh","ix":1,"ks":{"a":0,"k":{"i":[[16.66,-7.812],[-2.153,-3.453],[-7.785,-1.342],[4.514,-6.255],[9.957,2.763],[-0.468,-1.814],[12.203,-10.355],[2.666,8.892],[0.015,0.156],[1.252,11.709],[0.352,5.64],[-3.072,8.607],[4.549,-8.18],[-0.773,-4.313],[-4.762,-1.151],[10.216,-4.196],[-0.224,-2.478],[-5.679,-0.129],[8.299,-9.998]],"o":[[-11.874,5.568],[4.814,10.311],[7.395,1.506],[-6.611,9.158],[-1.805,-0.5],[8.398,32.54],[-12.626,10.713],[-0.045,-0.151],[-2.701,-30.214],[-2.644,-11.492],[-1.238,-7.472],[4.472,-12.528],[-2.809,5.052],[5.651,-22.113],[4.148,1.003],[-5.706,2.342],[1.924,-0.448],[7.1,0.16],[-5.919,7.13]],"v":[[-2.544,-58.346],[-9.098,-35.436],[12.275,-26.365],[32.212,-16.298],[-0.357,-13.203],[-3.382,-10.278],[7.04,90.479],[-12.887,89.676],[-12.975,89.217],[-28.245,-15.87],[-35.488,-59.285],[-32.501,-88.664],[-20.309,-88.194],[-24.775,-64.518],[5.622,-98.227],[1.902,-84.239],[-8.913,-69.208],[5.158,-72.66],[19.322,-57.83]],"c":true},"ix":2},"nm":"Path 1","mn":"ADBE Vector Shape - Group","hd":false},{"ty":"st","c":{"a":0,"k":[0.125490196078,0.380392186782,0.301960784314,1],"ix":3},"o":{"a":0,"k":100,"ix":4},"w":{"a":0,"k":3.211,"ix":5},"lc":1,"lj":2,"bm":0,"nm":"Stroke 1","mn":"ADBE Vector Graphic - Stroke","hd":false},{"ty":"tr","p":{"a":0,"k":[39.938,104.403],"ix":2},"a":{"a":0,"k":[0,0],"ix":1},"s":{"a":0,"k":[100,100],"ix":3},"r":{"a":0,"k":0,"ix":6},"o":{"a":0,"k":100,"ix":7},"sk":{"a":0,"k":0,"ix":4},"sa":{"a":0,"k":0,"ix":5},"nm":"Transform"}],"nm":"Group 1","np":2,"cix":2,"bm":0,"ix":1,"mn":"ADBE Vector Group","hd":false}],"ip":0,"op":48,"st":0,"bm":0},{"ddd":0,"ind":3,"ty":4,"nm":"Shape Layer 1","parent":2,"sr":1,"ks":{"o":{"a":0,"k":100,"ix":11},"r":{"a":0,"k":-34,"ix":10},"p":{"a":0,"k":[-40.984,146.877,0],"ix":2},"a":{"a":0,"k":[0,0,0],"ix":1},"s":{"a":0,"k":[100,100,100],"ix":6}},"ao":0,"shapes":[{"ty":"gr","it":[{"ind":0,"ty":"sh","ix":1,"ks":{"a":0,"k":{"i":[[5.75,1],[4,-7.5],[0,0],[0,0],[0,0],[0,0],[-19.638,39.445],[-2.856,-2.914],[-3,2.75],[3.75,4.25],[-3.5,11.25],[-8.75,-1.5],[0,-0.5],[-5.25,1.5],[5.5,3.25],[0,0],[-8.5,-0.25],[0,1],[8.25,1.25],[6.75,-3],[0,0],[-2.75,0.75]],"o":[[-5.75,-1],[-4,7.5],[0,0],[0,0],[0,0],[0,0],[12.719,-25.548],[19.092,19.482],[3,-2.75],[-3.75,-4.25],[3.5,-11.25],[8.75,1.5],[0,0.5],[5.25,-1.5],[-5.5,-3.25],[0,0],[8.5,0.25],[0,-1],[-8.25,-1.25],[-6.75,3],[0,0],[2.75,-0.75]],"v":[[63.75,-226.5],[36.25,-205.5],[12.25,-151],[-16.75,-92.75],[-27,-69.75],[-7.408,-42.518],[15.73,-94.963],[37.5,-145],[67.75,-127.25],[62.25,-141],[43.5,-166.5],[61.75,-181.75],[74,-173.75],[80.5,-168.5],[79,-187],[62.75,-194],[77.75,-200.25],[91.25,-204],[84.25,-212.25],[60,-207.5],[47.5,-200.5],[61.75,-215.25]],"c":true},"ix":2},"nm":"Path 1","mn":"ADBE Vector Shape - Group","hd":false},{"ty":"st","c":{"a":0,"k":[0.125489994124,0.380391977348,0.301960993748,1],"ix":3},"o":{"a":0,"k":100,"ix":4},"w":{"a":0,"k":0,"ix":5},"lc":1,"lj":1,"ml":4,"bm":0,"nm":"Stroke 1","mn":"ADBE Vector Graphic - Stroke","hd":false},{"ty":"fl","c":{"a":0,"k":[0.992156922583,0.976470648074,0.952941236309,1],"ix":4},"o":{"a":0,"k":100,"ix":5},"r":1,"bm":0,"nm":"Fill 1","mn":"ADBE Vector Graphic - Fill","hd":false},{"ty":"tr","p":{"a":0,"k":[59.408,142.518],"ix":2},"a":{"a":0,"k":[0,0],"ix":1},"s":{"a":0,"k":[100,100],"ix":3},"r":{"a":0,"k":0,"ix":6},"o":{"a":0,"k":100,"ix":7},"sk":{"a":0,"k":0,"ix":4},"sa":{"a":0,"k":0,"ix":5},"nm":"Transform"}],"nm":"Shape 2","np":3,"cix":2,"bm":0,"ix":1,"mn":"ADBE Vector Group","hd":false}],"ip":0,"op":48,"st":0,"bm":0},{"ddd":0,"ind":4,"ty":4,"nm":"Layer 5 Outlines","parent":5,"sr":1,"ks":{"o":{"a":0,"k":100,"ix":11},"r":{"a":0,"k":-13,"ix":10},"p":{"a":1,"k":[{"i":{"x":0.667,"y":1},"o":{"x":0.333,"y":0},"t":0,"s":[39.158,21.872,0],"to":[-0.047,-3.333,0],"ti":[0,0,0]},{"i":{"x":0.667,"y":1},"o":{"x":0.333,"y":0},"t":15,"s":[38.874,1.874,0],"to":[0,0,0],"ti":[-0.047,-3.333,0]},{"t":19,"s":[39.158,21.872,0]}],"ix":2},"a":{"a":0,"k":[41.854,42.62,0],"ix":1},"s":{"a":0,"k":[100,100,100],"ix":6}},"ao":0,"shapes":[{"ty":"gr","it":[{"ind":0,"ty":"sh","ix":1,"ks":{"a":0,"k":{"i":[[-0.209,-0.69],[-0.511,0.048],[-0.236,0.203],[-0.229,0.246],[-0.179,0.228],[1.02,-0.13]],"o":[[0.151,0.433],[0.308,-0.048],[0.265,-0.206],[0.201,-0.209],[-0.947,-0.934],[0.136,0.707]],"v":[[-1.296,0.681],[-0.331,1.498],[0.502,1.114],[1.243,0.434],[1.814,-0.222],[-1.814,-1.416]],"c":true},"ix":2},"nm":"Path 1","mn":"ADBE Vector Shape - Group","hd":false},{"ty":"fl","c":{"a":0,"k":[0.125490196078,0.380392186782,0.301960784314,1],"ix":4},"o":{"a":0,"k":100,"ix":5},"r":1,"bm":0,"nm":"Fill 1","mn":"ADBE Vector Graphic - Fill","hd":false},{"ty":"tr","p":{"a":0,"k":[33.451,44.92],"ix":2},"a":{"a":0,"k":[0,0],"ix":1},"s":{"a":0,"k":[100,100],"ix":3},"r":{"a":0,"k":0,"ix":6},"o":{"a":0,"k":100,"ix":7},"sk":{"a":0,"k":0,"ix":4},"sa":{"a":0,"k":0,"ix":5},"nm":"Transform"}],"nm":"Group 1","np":4,"cix":2,"bm":0,"ix":1,"mn":"ADBE Vector Group","hd":false},{"ty":"gr","it":[{"ind":0,"ty":"sh","ix":1,"ks":{"a":0,"k":{"i":[[0.195,-0.029],[0.008,-0.353],[0,0],[0,0],[-0.168,-0.016],[-0.02,0.005],[0.01,0.364],[0,0]],"o":[[-0.195,0.029],[0,0],[0,0],[0.002,0.308],[0.021,0.002],[0.195,-0.046],[0,0],[0.012,-0.344]],"v":[[0.011,-1.252],[-0.357,-0.558],[-0.357,-0.497],[-0.352,0.718],[-0.06,1.279],[0.004,1.274],[0.345,0.55],[0.346,-0.674]],"c":true},"ix":2},"nm":"Path 1","mn":"ADBE Vector Shape - Group","hd":false},{"ty":"fl","c":{"a":0,"k":[0.125490196078,0.380392186782,0.301960784314,1],"ix":4},"o":{"a":0,"k":100,"ix":5},"r":1,"bm":0,"nm":"Fill 1","mn":"ADBE Vector Graphic - Fill","hd":false},{"ty":"tr","p":{"a":0,"k":[34.894,34.027],"ix":2},"a":{"a":0,"k":[0,0],"ix":1},"s":{"a":0,"k":[100,100],"ix":3},"r":{"a":0,"k":0,"ix":6},"o":{"a":0,"k":100,"ix":7},"sk":{"a":0,"k":0,"ix":4},"sa":{"a":0,"k":0,"ix":5},"nm":"Transform"}],"nm":"Group 2","np":4,"cix":2,"bm":0,"ix":2,"mn":"ADBE Vector Group","hd":false},{"ty":"gr","it":[{"ind":0,"ty":"sh","ix":1,"ks":{"a":0,"k":{"i":[[-0.212,0.121],[-0.015,0.015],[0.157,0.252],[0.209,0.258],[0.204,-0.07],[0.028,-0.06],[-0.016,-0.065],[-0.206,-0.261],[-0.174,-0.221]],"o":[[0.019,-0.011],[0.273,-0.263],[-0.165,-0.289],[-0.116,-0.139],[-0.059,0.03],[-0.028,0.061],[0.077,0.323],[0.152,0.234],[0.119,0.151]],"v":[[0.56,1.061],[0.609,1.022],[0.366,0.017],[-0.196,-0.804],[-0.711,-1.112],[-0.847,-0.973],[-0.867,-0.779],[-0.436,0.107],[0.057,0.793]],"c":true},"ix":2},"nm":"Path 1","mn":"ADBE Vector Shape - Group","hd":false},{"ty":"fl","c":{"a":0,"k":[0.125490196078,0.380392186782,0.301960784314,1],"ix":4},"o":{"a":0,"k":100,"ix":5},"r":1,"bm":0,"nm":"Fill 1","mn":"ADBE Vector Graphic - Fill","hd":false},{"ty":"tr","p":{"a":0,"k":[32.81,34.261],"ix":2},"a":{"a":0,"k":[0,0],"ix":1},"s":{"a":0,"k":[100,100],"ix":3},"r":{"a":0,"k":0,"ix":6},"o":{"a":0,"k":100,"ix":7},"sk":{"a":0,"k":0,"ix":4},"sa":{"a":0,"k":0,"ix":5},"nm":"Transform"}],"nm":"Group 3","np":4,"cix":2,"bm":0,"ix":3,"mn":"ADBE Vector Group","hd":false},{"ty":"gr","it":[{"ind":0,"ty":"sh","ix":1,"ks":{"a":0,"k":{"i":[[0.204,-0.083],[0.374,-0.834],[0.339,0.614],[0.458,0.355],[0.565,0.131],[0.273,-0.022],[0.313,-0.18],[0.199,-0.302],[-0.359,-0.794],[-0.93,-0.444],[0.462,-0.759],[-0.127,-0.528],[-0.702,-0.039],[-0.564,0.425],[-0.417,0.571],[0,0],[-0.168,-0.024],[-0.17,-0.028],[-0.342,-0.099],[-0.009,-0.006],[-0.122,-0.044],[-0.175,-0.074],[-0.268,-0.15],[-0.222,-0.136],[-0.029,0.05],[-0.056,0.107],[0,0],[-0.034,0.088],[0.009,0.096],[0.066,0.073],[0.125,0.072],[0.64,0.2],[0.693,0.038],[0,0],[0.034,0.509],[-0.183,-0.026],[-0.328,-0.065],[-0.906,-0.697],[0.006,0.022],[0.507,0.838],[0.354,0.195],[0.403,-0.014]],"o":[[-0.84,0.362],[-0.094,-0.695],[-0.268,-0.514],[-0.459,-0.355],[-0.269,-0.056],[-0.361,0.021],[-0.313,0.181],[-0.44,0.751],[0.424,0.938],[-0.782,0.423],[-0.28,0.462],[0.155,0.679],[0.705,-0.001],[0.583,-0.4],[0,0],[0.169,-0.019],[0.172,0.018],[0.353,0.053],[0.011,0.003],[0.118,0.034],[0.177,0.063],[0.283,0.122],[0.228,0.125],[0.011,0.005],[0.05,-0.107],[0,0],[0.047,-0.083],[0.03,-0.092],[-0.014,-0.097],[-0.095,-0.108],[-0.568,-0.356],[-0.661,-0.209],[0,0],[0.116,-0.496],[0.289,-0.006],[0.334,0.014],[1.12,0.228],[0,0],[0.198,-0.928],[-0.204,-0.349],[-0.354,-0.195],[-0.22,0.017]],"v":[[2.55,-2.869],[0.663,-1.007],[0.007,-2.989],[-1.095,-4.308],[-2.648,-5.046],[-3.464,-5.097],[-4.489,-4.791],[-5.267,-4.058],[-5.258,-1.537],[-3.162,0.604],[-5.062,2.408],[-5.427,3.95],[-3.861,5.119],[-1.906,4.463],[-0.394,2.997],[-0.372,2.994],[0.135,3.001],[0.648,3.07],[1.691,3.298],[1.721,3.312],[2.072,3.426],[2.599,3.632],[3.426,4.041],[4.101,4.437],[4.468,3.847],[4.64,3.532],[4.776,3.277],[4.898,3.019],[4.929,2.734],[4.807,2.473],[4.476,2.2],[2.657,1.363],[0.618,0.99],[0.579,0.99],[0.704,-0.525],[1.418,-0.512],[2.412,-0.394],[5.491,1.011],[5.498,0.994],[5.2,-1.911],[4.348,-2.742],[3.191,-3.019]],"c":true},"ix":2},"nm":"Path 1","mn":"ADBE Vector Shape - Group","hd":false},{"ty":"fl","c":{"a":0,"k":[0.125490196078,0.380392186782,0.301960784314,1],"ix":4},"o":{"a":0,"k":100,"ix":5},"r":1,"bm":0,"nm":"Fill 1","mn":"ADBE Vector Graphic - Fill","hd":false},{"ty":"tr","p":{"a":0,"k":[32.167,38.948],"ix":2},"a":{"a":0,"k":[0,0],"ix":1},"s":{"a":0,"k":[100,100],"ix":3},"r":{"a":0,"k":0,"ix":6},"o":{"a":0,"k":100,"ix":7},"sk":{"a":0,"k":0,"ix":4},"sa":{"a":0,"k":0,"ix":5},"nm":"Transform"}],"nm":"Group 4","np":4,"cix":2,"bm":0,"ix":4,"mn":"ADBE Vector Group","hd":false},{"ty":"gr","it":[{"ind":0,"ty":"sh","ix":1,"ks":{"a":0,"k":{"i":[[0,0],[-8.59,-6.769]],"o":[[10.518,-6.189],[0,0]],"v":[[-20.375,-10.538],[10.841,-10.616]],"c":false},"ix":2},"nm":"Path 1","mn":"ADBE Vector Shape - Group","hd":false},{"ind":1,"ty":"sh","ix":2,"ks":{"a":0,"k":{"i":[[0,0],[0,0]],"o":[[0,0],[0,0]],"v":[[22.814,-24.65],[10.841,-10.616]],"c":false},"ix":2},"nm":"Path 2","mn":"ADBE Vector Shape - Group","hd":false},{"ind":2,"ty":"sh","ix":3,"ks":{"a":0,"k":{"i":[[0,0],[-4.955,10.557]],"o":[[-4.477,-5.224],[0,0]],"v":[[-13.138,18.333],[-20.375,-10.538]],"c":false},"ix":2},"nm":"Path 3","mn":"ADBE Vector Shape - Group","hd":false},{"ind":3,"ty":"sh","ix":4,"ks":{"a":0,"k":{"i":[[0,0],[0,0],[-0.295,7.422],[-10.518,6.189]],"o":[[0,0],[-2.063,-3.506],[0.395,-9.952],[0,0]],"v":[[-13.138,18.333],[-32.176,39.329],[-37.43,18.936],[-20.375,-10.538]],"c":false},"ix":2},"nm":"Path 4","mn":"ADBE Vector Shape - Group","hd":false},{"ind":4,"ty":"sh","ix":5,"ks":{"a":0,"k":{"i":[[0,0],[0,0]],"o":[[0,0],[0,0]],"v":[[-13.138,18.333],[10.841,-10.616]],"c":false},"ix":2},"nm":"Path 5","mn":"ADBE Vector Shape - Group","hd":false},{"ind":5,"ty":"sh","ix":6,"ks":{"a":0,"k":{"i":[[0,0],[-2.885,10.905],[-0.531,1.944],[-2.966,4.284]],"o":[[18.09,3.95],[1.393,-5.265],[0.596,-2.179],[0,0]],"v":[[-13.138,18.333],[13.367,3.421],[16.893,-13.831],[22.814,-24.65]],"c":false},"ix":2},"nm":"Path 6","mn":"ADBE Vector Shape - Group","hd":false},{"ind":6,"ty":"sh","ix":7,"ks":{"a":0,"k":{"i":[[0,0],[5.159,-7.45]],"o":[[-2.755,-4.825],[0,0]],"v":[[37.725,-34.504],[22.814,-24.65]],"c":false},"ix":2},"nm":"Path 7","mn":"ADBE Vector Shape - Group","hd":false},{"ty":"mm","mm":1,"nm":"Merge Paths 1","mn":"ADBE Vector Filter - Merge","hd":false},{"ty":"st","c":{"a":0,"k":[0.125490196078,0.380392186782,0.301960784314,1],"ix":3},"o":{"a":0,"k":100,"ix":4},"w":{"a":0,"k":3.211,"ix":5},"lc":1,"lj":2,"bm":0,"nm":"Stroke 1","mn":"ADBE Vector Graphic - Stroke","hd":false},{"ty":"tr","p":{"a":0,"k":[40.936,42.7],"ix":2},"a":{"a":0,"k":[0,0],"ix":1},"s":{"a":0,"k":[100,100],"ix":3},"r":{"a":0,"k":0,"ix":6},"o":{"a":0,"k":100,"ix":7},"sk":{"a":0,"k":0,"ix":4},"sa":{"a":0,"k":0,"ix":5},"nm":"Transform"}],"nm":"Group 5","np":9,"cix":2,"bm":0,"ix":5,"mn":"ADBE Vector Group","hd":false},{"ty":"gr","it":[{"ind":0,"ty":"sh","ix":1,"ks":{"a":0,"k":{"i":[[0.715,5.099],[-11.354,4.592],[-12.719,-8.717],[-2.13,-2.167],[0,0],[0,0],[0,0],[0,0]],"o":[[-0.893,-6.374],[4.108,-1.661],[7.021,-0.745],[0,0],[0,0],[0,0],[0,0],[-1.321,-3.481]],"v":[[-25.941,11.835],[-7.163,-20.245],[19.813,-19.934],[26.535,-23.938],[24.234,-1.121],[13.635,8.865],[-0.799,9.311],[-21.085,28.651]],"c":true},"ix":2},"nm":"Path 1","mn":"ADBE Vector Shape - Group","hd":false},{"ty":"fl","c":{"a":0,"k":[0.992156922583,0.976470648074,0.952941236309,1],"ix":4},"o":{"a":0,"k":100,"ix":5},"r":1,"bm":0,"nm":"Fill 1","mn":"ADBE Vector Graphic - Fill","hd":false},{"ty":"tr","p":{"a":0,"k":[30.208,51.717],"ix":2},"a":{"a":0,"k":[0,0],"ix":1},"s":{"a":0,"k":[100,100],"ix":3},"r":{"a":0,"k":0,"ix":6},"o":{"a":0,"k":100,"ix":7},"sk":{"a":0,"k":0,"ix":4},"sa":{"a":0,"k":0,"ix":5},"nm":"Transform"}],"nm":"Group 6","np":4,"cix":2,"bm":0,"ix":6,"mn":"ADBE Vector Group","hd":false},{"ty":"gr","it":[{"ind":0,"ty":"sh","ix":1,"ks":{"a":0,"k":{"i":[[4.464,3.366],[5.846,-12.984],[-4.804,11.218]],"o":[[-7.155,-5.396],[11.963,2.414],[5.226,-12.206]],"v":[[14.734,-20.133],[-19.197,23.115],[9.854,8.844]],"c":true},"ix":2},"nm":"Path 1","mn":"ADBE Vector Shape - Group","hd":false},{"ty":"fl","c":{"a":0,"k":[0.125490196078,0.380392186782,0.301960784314,1],"ix":4},"o":{"a":0,"k":100,"ix":5},"r":1,"bm":0,"nm":"Fill 1","mn":"ADBE Vector Graphic - Fill","hd":false},{"ty":"tr","p":{"a":0,"k":[64.26,25.779],"ix":2},"a":{"a":0,"k":[0,0],"ix":1},"s":{"a":0,"k":[100,100],"ix":3},"r":{"a":0,"k":0,"ix":6},"o":{"a":0,"k":100,"ix":7},"sk":{"a":0,"k":0,"ix":4},"sa":{"a":0,"k":0,"ix":5},"nm":"Transform"}],"nm":"Group 7","np":4,"cix":2,"bm":0,"ix":7,"mn":"ADBE Vector Group","hd":false}],"ip":0,"op":48,"st":0,"bm":0},{"ddd":0,"ind":5,"ty":4,"nm":"body","sr":1,"ks":{"o":{"a":0,"k":100,"ix":11},"r":{"a":1,"k":[{"i":{"x":[0.833],"y":[0.833]},"o":{"x":[0.167],"y":[0.167]},"t":0,"s":[13]},{"i":{"x":[0.833],"y":[0.833]},"o":{"x":[0.167],"y":[0.167]},"t":16,"s":[0]},{"i":{"x":[0.833],"y":[0.833]},"o":{"x":[0.167],"y":[0.167]},"t":31,"s":[0]},{"t":41,"s":[13]}],"ix":10},"p":{"a":1,"k":[{"i":{"x":0.833,"y":0.833},"o":{"x":0.167,"y":0.167},"t":0,"s":[142.297,202.632,0],"to":[0,-1.667,0],"ti":[0,1.667,0]},{"i":{"x":0.833,"y":0.833},"o":{"x":0.167,"y":0.167},"t":16,"s":[142.297,192.632,0],"to":[0,0,0],"ti":[0,0,0]},{"i":{"x":0.833,"y":0.833},"o":{"x":0.167,"y":0.167},"t":31,"s":[142.297,192.632,0],"to":[0,1.667,0],"ti":[0,-1.667,0]},{"t":41,"s":[142.297,202.632,0]}],"ix":2},"a":{"a":0,"k":[92.494,93.24,0],"ix":1},"s":{"a":0,"k":[100,100,100],"ix":6}},"ao":0,"shapes":[{"ty":"gr","it":[{"ind":0,"ty":"sh","ix":1,"ks":{"a":0,"k":{"i":[[0,0],[20.164,29.219]],"o":[[-1.28,3.904],[0,0]],"v":[[13.561,-16.855],[-13.561,-12.363]],"c":false},"ix":2},"nm":"Path 1","mn":"ADBE Vector Shape - Group","hd":false},{"ty":"st","c":{"a":0,"k":[0.125490196078,0.380392186782,0.301960784314,1],"ix":3},"o":{"a":0,"k":100,"ix":4},"w":{"a":0,"k":3.211,"ix":5},"lc":2,"lj":1,"ml":4,"bm":0,"nm":"Stroke 1","mn":"ADBE Vector Graphic - Stroke","hd":false},{"ty":"tr","p":{"a":0,"k":[87.756,97.125],"ix":2},"a":{"a":0,"k":[0,0],"ix":1},"s":{"a":0,"k":[100,100],"ix":3},"r":{"a":0,"k":0,"ix":6},"o":{"a":0,"k":100,"ix":7},"sk":{"a":0,"k":0,"ix":4},"sa":{"a":0,"k":0,"ix":5},"nm":"Transform"}],"nm":"Group 1","np":2,"cix":2,"bm":0,"ix":1,"mn":"ADBE Vector Group","hd":false},{"ty":"gr","it":[{"ind":0,"ty":"sh","ix":1,"ks":{"a":0,"k":{"i":[[0,0],[-1.574,-2.217],[3.993,-3.182]],"o":[[5.55,-0.989],[1.574,2.217],[0,0]],"v":[[-8.746,-0.146],[7.156,-0.495],[-2.855,11.822]],"c":false},"ix":2},"nm":"Path 1","mn":"ADBE Vector Shape - Group","hd":false},{"ind":1,"ty":"sh","ix":2,"ks":{"a":0,"k":{"i":[[0,0],[-2.917,0.914],[-2.107,-2.725]],"o":[[-1.081,-3.448],[3.604,-1.129],[0,0]],"v":[[-2.745,-3.079],[1.006,-10.693],[8.746,-6.678]],"c":false},"ix":2},"nm":"Path 2","mn":"ADBE Vector Shape - Group","hd":false},{"ty":"mm","mm":1,"nm":"Merge Paths 1","mn":"ADBE Vector Filter - Merge","hd":false},{"ty":"st","c":{"a":0,"k":[0.125490196078,0.380392186782,0.301960784314,1],"ix":3},"o":{"a":0,"k":100,"ix":4},"w":{"a":0,"k":3.211,"ix":5},"lc":2,"lj":2,"bm":0,"nm":"Stroke 1","mn":"ADBE Vector Graphic - Stroke","hd":false},{"ty":"tr","p":{"a":0,"k":[93.075,68.164],"ix":2},"a":{"a":0,"k":[0,0],"ix":1},"s":{"a":0,"k":[100,100],"ix":3},"r":{"a":0,"k":0,"ix":6},"o":{"a":0,"k":100,"ix":7},"sk":{"a":0,"k":0,"ix":4},"sa":{"a":0,"k":0,"ix":5},"nm":"Transform"}],"nm":"Group 2","np":4,"cix":2,"bm":0,"ix":2,"mn":"ADBE Vector Group","hd":false},{"ty":"gr","it":[{"ind":0,"ty":"sh","ix":1,"ks":{"a":0,"k":{"i":[[0,0],[-2.917,0.913],[-2.107,-2.725]],"o":[[-1.081,-3.448],[3.604,-1.129],[0,0]],"v":[[-5.205,4.371],[-1.454,-3.242],[6.286,0.772]],"c":false},"ix":2},"nm":"Path 1","mn":"ADBE Vector Shape - Group","hd":false},{"ty":"st","c":{"a":0,"k":[0.125490196078,0.380392186782,0.301960784314,1],"ix":3},"o":{"a":0,"k":100,"ix":4},"w":{"a":0,"k":3.211,"ix":5},"lc":2,"lj":2,"bm":0,"nm":"Stroke 1","mn":"ADBE Vector Graphic - Stroke","hd":false},{"ty":"tr","p":{"a":0,"k":[66.862,69.869],"ix":2},"a":{"a":0,"k":[0,0],"ix":1},"s":{"a":0,"k":[100,100],"ix":3},"r":{"a":0,"k":0,"ix":6},"o":{"a":0,"k":100,"ix":7},"sk":{"a":0,"k":0,"ix":4},"sa":{"a":0,"k":0,"ix":5},"nm":"Transform"}],"nm":"Group 3","np":2,"cix":2,"bm":0,"ix":3,"mn":"ADBE Vector Group","hd":false},{"ty":"gr","it":[{"ind":0,"ty":"sh","ix":1,"ks":{"a":0,"k":{"i":[[1.757,-4.123],[-4.205,-0.748],[0.95,4.302]],"o":[[-1.406,3.298],[1.318,0.446],[-1.187,-5.379]],"v":[[-6.583,-1.346],[4.273,5.022],[7.039,0.982]],"c":true},"ix":2},"nm":"Path 1","mn":"ADBE Vector Shape - Group","hd":false},{"ty":"fl","c":{"a":0,"k":[0.125490196078,0.380392186782,0.301960784314,1],"ix":4},"o":{"a":0,"k":100,"ix":5},"r":1,"bm":0,"nm":"Fill 1","mn":"ADBE Vector Graphic - Fill","hd":false},{"ty":"tr","p":{"a":0,"k":[88.043,41.733],"ix":2},"a":{"a":0,"k":[0,0],"ix":1},"s":{"a":0,"k":[100,100],"ix":3},"r":{"a":0,"k":0,"ix":6},"o":{"a":0,"k":100,"ix":7},"sk":{"a":0,"k":0,"ix":4},"sa":{"a":0,"k":0,"ix":5},"nm":"Transform"}],"nm":"Group 4","np":4,"cix":2,"bm":0,"ix":4,"mn":"ADBE Vector Group","hd":false},{"ty":"gr","it":[{"ind":0,"ty":"sh","ix":1,"ks":{"a":0,"k":{"i":[[3.717,2.922],[1.917,-4.078],[-4.643,-0.214]],"o":[[-2.974,-2.338],[-0.816,1.22],[5.804,0.268]],"v":[[3.519,-5.584],[-5.949,3.727],[-2.593,7.654]],"c":true},"ix":2},"nm":"Path 1","mn":"ADBE Vector Shape - Group","hd":false},{"ty":"fl","c":{"a":0,"k":[0.125490196078,0.380392186782,0.301960784314,1],"ix":4},"o":{"a":0,"k":100,"ix":5},"r":1,"bm":0,"nm":"Fill 1","mn":"ADBE Vector Graphic - Fill","hd":false},{"ty":"tr","p":{"a":0,"k":[60.12,50.424],"ix":2},"a":{"a":0,"k":[0,0],"ix":1},"s":{"a":0,"k":[100,100],"ix":3},"r":{"a":0,"k":0,"ix":6},"o":{"a":0,"k":100,"ix":7},"sk":{"a":0,"k":0,"ix":4},"sa":{"a":0,"k":0,"ix":5},"nm":"Transform"}],"nm":"Group 5","np":4,"cix":2,"bm":0,"ix":5,"mn":"ADBE Vector Group","hd":false},{"ty":"gr","it":[{"ind":0,"ty":"sh","ix":1,"ks":{"a":0,"k":{"i":[[-2.05,-6.545],[6.544,-2.05],[2.05,6.545],[-6.544,2.05]],"o":[[2.05,6.544],[-6.545,2.05],[-2.05,-6.544],[6.545,-2.05]],"v":[[11.89,-7.175],[4.439,12.176],[-12.035,4.323],[-2.986,-11.524]],"c":true},"ix":2},"nm":"Path 1","mn":"ADBE Vector Shape - Group","hd":false},{"ty":"fl","c":{"a":0,"k":[0.58431372549,1,0.666666666667,1],"ix":4},"o":{"a":0,"k":100,"ix":5},"r":1,"bm":0,"nm":"Fill 1","mn":"ADBE Vector Graphic - Fill","hd":false},{"ty":"tr","p":{"a":0,"k":[47.828,90.915],"ix":2},"a":{"a":0,"k":[0,0],"ix":1},"s":{"a":0,"k":[100,100],"ix":3},"r":{"a":0,"k":0,"ix":6},"o":{"a":0,"k":100,"ix":7},"sk":{"a":0,"k":0,"ix":4},"sa":{"a":0,"k":0,"ix":5},"nm":"Transform"}],"nm":"Group 6","np":4,"cix":2,"bm":0,"ix":6,"mn":"ADBE Vector Group","hd":false},{"ty":"gr","it":[{"ind":0,"ty":"sh","ix":1,"ks":{"a":0,"k":{"i":[[-2.05,-6.544],[-6.544,2.05],[2.051,6.544],[6.544,-2.05]],"o":[[2.05,6.545],[6.545,-2.051],[-2.05,-6.545],[-6.545,2.05]],"v":[[-13.127,0.329],[4.033,11.971],[13.082,-3.877],[-3.391,-11.729]],"c":true},"ix":2},"nm":"Path 1","mn":"ADBE Vector Shape - Group","hd":false},{"ty":"fl","c":{"a":0,"k":[0.58431372549,1,0.666666666667,1],"ix":4},"o":{"a":0,"k":100,"ix":5},"r":1,"bm":0,"nm":"Fill 1","mn":"ADBE Vector Graphic - Fill","hd":false},{"ty":"tr","p":{"a":0,"k":[119.233,66.376],"ix":2},"a":{"a":0,"k":[0,0],"ix":1},"s":{"a":0,"k":[100,100],"ix":3},"r":{"a":0,"k":0,"ix":6},"o":{"a":0,"k":100,"ix":7},"sk":{"a":0,"k":0,"ix":4},"sa":{"a":0,"k":0,"ix":5},"nm":"Transform"}],"nm":"Group 7","np":4,"cix":2,"bm":0,"ix":7,"mn":"ADBE Vector Group","hd":false},{"ty":"gr","it":[{"ind":0,"ty":"sh","ix":1,"ks":{"a":0,"k":{"i":[[39.85,-17.128],[-17.128,-39.85],[-39.851,17.128],[17.128,39.851]],"o":[[-39.85,17.128],[17.127,39.85],[39.85,-17.127],[-17.128,-39.85]],"v":[[-31.012,-72.156],[-72.156,31.012],[31.012,72.156],[72.156,-31.012]],"c":true},"ix":2},"nm":"Path 1","mn":"ADBE Vector Shape - Group","hd":false},{"ty":"st","c":{"a":0,"k":[0.125490196078,0.380392186782,0.301960784314,1],"ix":3},"o":{"a":0,"k":100,"ix":4},"w":{"a":0,"k":3.211,"ix":5},"lc":1,"lj":1,"ml":4,"bm":0,"nm":"Stroke 1","mn":"ADBE Vector Graphic - Stroke","hd":false},{"ty":"tr","p":{"a":0,"k":[92.494,92.494],"ix":2},"a":{"a":0,"k":[0,0],"ix":1},"s":{"a":0,"k":[100,100],"ix":3},"r":{"a":0,"k":0,"ix":6},"o":{"a":0,"k":100,"ix":7},"sk":{"a":0,"k":0,"ix":4},"sa":{"a":0,"k":0,"ix":5},"nm":"Transform"}],"nm":"Group 8","np":2,"cix":2,"bm":0,"ix":8,"mn":"ADBE Vector Group","hd":false},{"ty":"gr","it":[{"ind":0,"ty":"sh","ix":1,"ks":{"a":0,"k":{"i":[[39.85,-17.128],[-17.128,-39.85],[-39.851,17.128],[17.128,39.851]],"o":[[-39.85,17.128],[17.127,39.85],[39.85,-17.127],[-17.128,-39.85]],"v":[[-31.012,-72.156],[-72.156,31.012],[31.012,72.156],[72.156,-31.012]],"c":true},"ix":2},"nm":"Path 1","mn":"ADBE Vector Shape - Group","hd":false},{"ty":"fl","c":{"a":0,"k":[0.992156922583,0.976470648074,0.952941236309,1],"ix":4},"o":{"a":0,"k":100,"ix":5},"r":1,"bm":0,"nm":"Fill 1","mn":"ADBE Vector Graphic - Fill","hd":false},{"ty":"tr","p":{"a":0,"k":[92.494,92.494],"ix":2},"a":{"a":0,"k":[0,0],"ix":1},"s":{"a":0,"k":[100,100],"ix":3},"r":{"a":0,"k":0,"ix":6},"o":{"a":0,"k":100,"ix":7},"sk":{"a":0,"k":0,"ix":4},"sa":{"a":0,"k":0,"ix":5},"nm":"Transform"}],"nm":"Group 9","np":4,"cix":2,"bm":0,"ix":9,"mn":"ADBE Vector Group","hd":false},{"ty":"gr","it":[{"ind":0,"ty":"sh","ix":1,"ks":{"a":0,"k":{"i":[[0,0],[-2.802,-3.269]],"o":[[2.335,-0.097],[0,0]],"v":[[-5.253,-1.849],[5.253,1.946]],"c":false},"ix":2},"nm":"Path 1","mn":"ADBE Vector Shape - Group","hd":false},{"ty":"st","c":{"a":0,"k":[0.125490196078,0.380392186782,0.301960784314,1],"ix":3},"o":{"a":0,"k":100,"ix":4},"w":{"a":0,"k":3.211,"ix":5},"lc":1,"lj":2,"bm":0,"nm":"Stroke 1","mn":"ADBE Vector Graphic - Stroke","hd":false},{"ty":"tr","p":{"a":0,"k":[85.522,160.585],"ix":2},"a":{"a":0,"k":[0,0],"ix":1},"s":{"a":0,"k":[100,100],"ix":3},"r":{"a":0,"k":0,"ix":6},"o":{"a":0,"k":100,"ix":7},"sk":{"a":0,"k":0,"ix":4},"sa":{"a":0,"k":0,"ix":5},"nm":"Transform"}],"nm":"Group 10","np":2,"cix":2,"bm":0,"ix":10,"mn":"ADBE Vector Group","hd":false}],"ip":0,"op":48,"st":0,"bm":0},{"ddd":0,"ind":6,"ty":4,"nm":"Layer 8 Outlines","sr":1,"ks":{"o":{"a":0,"k":100,"ix":11},"r":{"a":1,"k":[{"i":{"x":[0.667],"y":[1]},"o":{"x":[0.167],"y":[0]},"t":0,"s":[9]},{"i":{"x":[0],"y":[1]},"o":{"x":[0.333],"y":[0]},"t":9,"s":[19]},{"i":{"x":[0],"y":[1]},"o":{"x":[1],"y":[0]},"t":20,"s":[24.913]},{"i":{"x":[0],"y":[1]},"o":{"x":[1],"y":[0]},"t":24,"s":[1.609]},{"i":{"x":[0],"y":[1]},"o":{"x":[0.993],"y":[0]},"t":26,"s":[11.207]},{"i":{"x":[0.833],"y":[1]},"o":{"x":[0.333],"y":[0]},"t":29,"s":[0]},{"t":34,"s":[9]}],"ix":10},"p":{"a":0,"k":[206.516,209.876,0],"ix":2},"a":{"a":0,"k":[46.928,140.495,0],"ix":1},"s":{"a":0,"k":[100,100,100],"ix":6}},"ao":0,"shapes":[{"ty":"gr","it":[{"ind":0,"ty":"sh","ix":1,"ks":{"a":0,"k":{"i":[[0,0],[0,0],[2.676,-6.958],[0,0]],"o":[[0,0],[8.991,1.606],[0,0],[0,0]],"v":[[-11.86,-10.501],[12.31,-24.085],[22.746,-0.802],[-25.422,24.085]],"c":true},"ix":2},"nm":"Path 1","mn":"ADBE Vector Shape - Group","hd":false},{"ty":"fl","c":{"a":0,"k":[0.125490196078,0.380392186782,0.301960784314,1],"ix":4},"o":{"a":0,"k":100,"ix":5},"r":1,"bm":0,"nm":"Fill 1","mn":"ADBE Vector Graphic - Fill","hd":false},{"ty":"tr","p":{"a":0,"k":[68.772,130.12],"ix":2},"a":{"a":0,"k":[0,0],"ix":1},"s":{"a":0,"k":[100,100],"ix":3},"r":{"a":0,"k":0,"ix":6},"o":{"a":0,"k":100,"ix":7},"sk":{"a":0,"k":0,"ix":4},"sa":{"a":0,"k":0,"ix":5},"nm":"Transform"}],"nm":"Group 1","np":4,"cix":2,"bm":0,"ix":1,"mn":"ADBE Vector Group","hd":false},{"ty":"gr","it":[{"ind":0,"ty":"sh","ix":1,"ks":{"a":0,"k":{"i":[[30.048,-29.096],[16.859,-10.303],[-7.359,12.444],[-8.979,9.634],[2.554,0],[-1.161,4.26],[-2.944,0.134],[-4.816,10.598],[4.416,-1.606],[2.007,1.204],[-15.655,-0.802],[-2.007,-6.022],[0,0],[-5.78,0],[-0.536,-8.296],[-0.428,3.182],[-1.606,-9.634]],"o":[[-23.281,22.544],[-36.929,13.166],[19.667,-12.443],[2.478,-2.658],[-8.43,0],[1.205,-4.416],[8.162,-0.268],[6.022,-13.246],[-4.415,1.605],[-2.007,-1.204],[12.524,0.643],[0,0],[-0.803,-3.345],[5.78,0],[1.07,-5.218],[0.95,-7.073],[1.605,9.634]],"v":[[60.213,-0.128],[-53.788,70.118],[-44.956,38.005],[39.74,-14.177],[26.09,-17.388],[15.654,-25.015],[26.09,-27.825],[54.443,-41.539],[38.387,-59.2],[30.761,-57.996],[46.014,-71.243],[67.691,-52.376],[62.873,-68.834],[65.429,-82.329],[76.521,-53.982],[79.732,-73.65],[89.113,-73.65]],"c":true},"ix":2},"nm":"Path 1","mn":"ADBE Vector Shape - Group","hd":false},{"ty":"st","c":{"a":0,"k":[0.125490196078,0.380392186782,0.301960784314,1],"ix":3},"o":{"a":0,"k":100,"ix":4},"w":{"a":0,"k":3.211,"ix":5},"lc":1,"lj":2,"bm":0,"nm":"Stroke 1","mn":"ADBE Vector Graphic - Stroke","hd":false},{"ty":"tr","p":{"a":0,"k":[93.928,86.495],"ix":2},"a":{"a":0,"k":[0,0],"ix":1},"s":{"a":0,"k":[100,100],"ix":3},"r":{"a":0,"k":0,"ix":6},"o":{"a":0,"k":100,"ix":7},"sk":{"a":0,"k":0,"ix":4},"sa":{"a":0,"k":0,"ix":5},"nm":"Transform"}],"nm":"Group 2","np":2,"cix":2,"bm":0,"ix":2,"mn":"ADBE Vector Group","hd":false},{"ty":"gr","it":[{"ind":0,"ty":"sh","ix":1,"ks":{"a":0,"k":{"i":[[30.048,-29.096],[16.859,-10.303],[-7.359,12.444],[-8.979,9.634],[2.554,0],[-1.161,4.26],[-2.944,0.134],[-4.816,10.598],[4.416,-1.606],[2.007,1.204],[-15.655,-0.802],[-2.007,-6.022],[0,0],[-5.78,0],[-0.536,-8.296],[-0.428,3.182],[-1.606,-9.634]],"o":[[-23.281,22.544],[-36.929,13.166],[19.667,-12.443],[2.478,-2.658],[-8.43,0],[1.205,-4.416],[8.162,-0.268],[6.022,-13.246],[-4.415,1.605],[-2.007,-1.204],[12.524,0.643],[0,0],[-0.803,-3.345],[5.78,0],[1.07,-5.218],[0.95,-7.073],[1.605,9.634]],"v":[[60.213,-0.128],[-53.788,70.118],[-44.956,38.005],[39.74,-14.177],[26.09,-17.388],[15.654,-25.015],[26.09,-27.825],[54.443,-41.539],[38.387,-59.2],[30.761,-57.996],[46.014,-71.243],[67.691,-52.376],[62.873,-68.834],[65.429,-82.329],[76.521,-53.982],[79.732,-73.65],[89.113,-73.65]],"c":true},"ix":2},"nm":"Path 1","mn":"ADBE Vector Shape - Group","hd":false},{"ty":"fl","c":{"a":0,"k":[0.992156922583,0.976470648074,0.952941236309,1],"ix":4},"o":{"a":0,"k":100,"ix":5},"r":1,"bm":0,"nm":"Fill 1","mn":"ADBE Vector Graphic - Fill","hd":false},{"ty":"tr","p":{"a":0,"k":[93.928,86.495],"ix":2},"a":{"a":0,"k":[0,0],"ix":1},"s":{"a":0,"k":[100,100],"ix":3},"r":{"a":0,"k":0,"ix":6},"o":{"a":0,"k":100,"ix":7},"sk":{"a":0,"k":0,"ix":4},"sa":{"a":0,"k":0,"ix":5},"nm":"Transform"}],"nm":"Group 3","np":4,"cix":2,"bm":0,"ix":3,"mn":"ADBE Vector Group","hd":false}],"ip":0,"op":48,"st":0,"bm":0},{"ddd":0,"ind":7,"ty":4,"nm":"Shape Layer 2","sr":1,"ks":{"o":{"a":0,"k":100,"ix":11},"r":{"a":0,"k":0,"ix":10},"p":{"a":0,"k":[205,256.5,0],"ix":2},"a":{"a":0,"k":[0,0,0],"ix":1},"s":{"a":0,"k":[100,100,100],"ix":6}},"ao":0,"shapes":[{"ty":"gr","it":[{"ind":0,"ty":"sh","ix":1,"ks":{"a":0,"k":{"i":[[-53.5,-2],[0,0],[0,0],[5.5,-1],[0,0],[1.5,-2.5]],"o":[[53.5,2],[0,0],[0,0],[-5.5,1],[0,0],[-1.5,2.5]],"v":[[-93,7.5],[-45,10],[-51,42],[-72,33.5],[-71,23],[-94,21]],"c":false},"ix":2},"nm":"Path 1","mn":"ADBE Vector Shape - Group","hd":false},{"ty":"st","c":{"a":0,"k":[0.125489994124,0.380391977348,0.301960993748,1],"ix":3},"o":{"a":0,"k":100,"ix":4},"w":{"a":0,"k":0,"ix":5},"lc":1,"lj":1,"ml":4,"bm":0,"nm":"Stroke 1","mn":"ADBE Vector Graphic - Stroke","hd":false},{"ty":"fl","c":{"a":0,"k":[0.125490196078,0.380392186782,0.301960784314,1],"ix":4},"o":{"a":0,"k":100,"ix":5},"r":1,"bm":0,"nm":"Fill 1","mn":"ADBE Vector Graphic - Fill","hd":false},{"ty":"tr","p":{"a":0,"k":[0,0],"ix":2},"a":{"a":0,"k":[0,0],"ix":1},"s":{"a":0,"k":[100,100],"ix":3},"r":{"a":0,"k":0,"ix":6},"o":{"a":0,"k":100,"ix":7},"sk":{"a":0,"k":0,"ix":4},"sa":{"a":0,"k":0,"ix":5},"nm":"Transform"}],"nm":"Shape 1","np":3,"cix":2,"bm":0,"ix":1,"mn":"ADBE Vector Group","hd":false}],"ip":0,"op":48,"st":0,"bm":0},{"ddd":0,"ind":8,"ty":4,"nm":"Layer 7 Outlines","sr":1,"ks":{"o":{"a":0,"k":100,"ix":11},"r":{"a":0,"k":0,"ix":10},"p":{"a":0,"k":[120.672,368.357,0],"ix":2},"a":{"a":0,"k":[72.85,134.81,0],"ix":1},"s":{"a":0,"k":[100,100,100],"ix":6}},"ao":0,"shapes":[{"ty":"gr","it":[{"ind":0,"ty":"sh","ix":1,"ks":{"a":0,"k":{"i":[[0,-0.154],[0.759,-0.598],[1.592,-0.531],[5.019,0],[3.167,1.055],[0.741,0.584],[0,0.155],[-0.76,0.598],[-1.592,0.531],[-5.019,0],[-3.167,-1.055],[-0.742,-0.585]],"o":[[0,0.155],[-0.742,0.584],[-3.167,1.055],[-5.019,0],[-1.592,-0.531],[-0.76,-0.598],[0,-0.154],[0.741,-0.585],[3.167,-1.055],[5.019,0],[1.592,0.531],[0.759,0.598]],"v":[[17.021,-0.001],[16.169,1.156],[12.663,2.867],[0,4.604],[-12.663,2.867],[-16.169,1.156],[-17.021,-0.001],[-16.169,-1.156],[-12.663,-2.867],[0,-4.604],[12.663,-2.867],[16.169,-1.156]],"c":true},"ix":2},"nm":"Path 1","mn":"ADBE Vector Shape - Group","hd":false},{"ty":"st","c":{"a":0,"k":[0.125490196078,0.380392186782,0.301960784314,1],"ix":3},"o":{"a":0,"k":100,"ix":4},"w":{"a":0,"k":3.211,"ix":5},"lc":1,"lj":1,"ml":4,"bm":0,"nm":"Stroke 1","mn":"ADBE Vector Graphic - Stroke","hd":false},{"ty":"tr","p":{"a":0,"k":[39.375,213.586],"ix":2},"a":{"a":0,"k":[0,0],"ix":1},"s":{"a":0,"k":[100,100],"ix":3},"r":{"a":0,"k":0,"ix":6},"o":{"a":0,"k":100,"ix":7},"sk":{"a":0,"k":0,"ix":4},"sa":{"a":0,"k":0,"ix":5},"nm":"Transform"}],"nm":"Group 1","np":2,"cix":2,"bm":0,"ix":1,"mn":"ADBE Vector Group","hd":false},{"ty":"gr","it":[{"ind":0,"ty":"sh","ix":1,"ks":{"a":0,"k":{"i":[[0,-0.154],[0.759,-0.598],[1.592,-0.531],[5.019,0],[3.167,1.055],[0.741,0.584],[0,0.155],[-0.76,0.598],[-1.592,0.531],[-5.019,0],[-3.167,-1.055],[-0.742,-0.585]],"o":[[0,0.155],[-0.742,0.584],[-3.167,1.055],[-5.019,0],[-1.592,-0.531],[-0.76,-0.598],[0,-0.154],[0.741,-0.585],[3.167,-1.055],[5.019,0],[1.592,0.531],[0.759,0.598]],"v":[[17.021,-0.001],[16.169,1.156],[12.663,2.867],[0,4.604],[-12.663,2.867],[-16.169,1.156],[-17.021,-0.001],[-16.169,-1.156],[-12.663,-2.867],[0,-4.604],[12.663,-2.867],[16.169,-1.156]],"c":true},"ix":2},"nm":"Path 1","mn":"ADBE Vector Shape - Group","hd":false},{"ty":"fl","c":{"a":0,"k":[0.913725550034,0.847058883368,0.678431372549,1],"ix":4},"o":{"a":0,"k":100,"ix":5},"r":1,"bm":0,"nm":"Fill 1","mn":"ADBE Vector Graphic - Fill","hd":false},{"ty":"tr","p":{"a":0,"k":[39.375,213.586],"ix":2},"a":{"a":0,"k":[0,0],"ix":1},"s":{"a":0,"k":[100,100],"ix":3},"r":{"a":0,"k":0,"ix":6},"o":{"a":0,"k":100,"ix":7},"sk":{"a":0,"k":0,"ix":4},"sa":{"a":0,"k":0,"ix":5},"nm":"Transform"}],"nm":"Group 2","np":4,"cix":2,"bm":0,"ix":2,"mn":"ADBE Vector Group","hd":false},{"ty":"gr","it":[{"ind":0,"ty":"sh","ix":1,"ks":{"a":0,"k":{"i":[[0,0],[-22.161,19.486]],"o":[[12.895,7.323],[0,0]],"v":[[-33.193,-7.355],[33.193,-9.743]],"c":false},"ix":2},"nm":"Path 1","mn":"ADBE Vector Shape - Group","hd":false},{"ty":"st","c":{"a":0,"k":[0.125490196078,0.380392186782,0.301960784314,1],"ix":3},"o":{"a":0,"k":100,"ix":4},"w":{"a":0,"k":3.211,"ix":5},"lc":2,"lj":2,"bm":0,"nm":"Stroke 1","mn":"ADBE Vector Graphic - Stroke","hd":false},{"ty":"tr","p":{"a":0,"k":[39.129,223.329],"ix":2},"a":{"a":0,"k":[0,0],"ix":1},"s":{"a":0,"k":[100,100],"ix":3},"r":{"a":0,"k":0,"ix":6},"o":{"a":0,"k":100,"ix":7},"sk":{"a":0,"k":0,"ix":4},"sa":{"a":0,"k":0,"ix":5},"nm":"Transform"}],"nm":"Group 3","np":2,"cix":2,"bm":0,"ix":3,"mn":"ADBE Vector Group","hd":false},{"ty":"gr","it":[{"ind":0,"ty":"sh","ix":1,"ks":{"a":0,"k":{"i":[[0,7.642],[3.43,-0.801],[1.906,-5.256],[-2.36,-1.056]],"o":[[-0.955,-13.85],[-14.328,3.346],[-2.085,5.746],[13.846,6.195]],"v":[[16.716,-22.596],[3.821,-28.805],[-19.1,-31.668],[-19.1,-20.685]],"c":true},"ix":2},"nm":"Path 1","mn":"ADBE Vector Shape - Group","hd":false},{"ind":1,"ty":"sh","ix":2,"ks":{"a":0,"k":{"i":[[0,0],[-23.69,14.137]],"o":[[13.691,5.89],[0,0]],"v":[[-35.343,22.787],[35.343,22.787]],"c":false},"ix":2},"nm":"Path 2","mn":"ADBE Vector Shape - Group","hd":false},{"ty":"mm","mm":1,"nm":"Merge Paths 1","mn":"ADBE Vector Filter - Merge","hd":false},{"ty":"st","c":{"a":0,"k":[0.125490196078,0.380392186782,0.301960784314,1],"ix":3},"o":{"a":0,"k":100,"ix":4},"w":{"a":0,"k":3.211,"ix":5},"lc":2,"lj":2,"bm":0,"nm":"Stroke 1","mn":"ADBE Vector Graphic - Stroke","hd":false},{"ty":"tr","p":{"a":0,"k":[38.896,217.077],"ix":2},"a":{"a":0,"k":[0,0],"ix":1},"s":{"a":0,"k":[100,100],"ix":3},"r":{"a":0,"k":0,"ix":6},"o":{"a":0,"k":100,"ix":7},"sk":{"a":0,"k":0,"ix":4},"sa":{"a":0,"k":0,"ix":5},"nm":"Transform"}],"nm":"Group 4","np":4,"cix":2,"bm":0,"ix":4,"mn":"ADBE Vector Group","hd":false},{"ty":"gr","it":[{"ind":0,"ty":"sh","ix":1,"ks":{"a":0,"k":{"i":[[-14.328,3.346],[-0.955,-13.85],[13.847,6.195],[-2.085,5.746]],"o":[[3.43,-0.801],[0,7.642],[-2.36,-1.056],[1.906,-5.256]],"v":[[6.193,-3.098],[19.088,3.111],[-16.728,5.022],[-16.728,-5.961]],"c":true},"ix":2},"nm":"Path 1","mn":"ADBE Vector Shape - Group","hd":false},{"ty":"fl","c":{"a":0,"k":[0.913725550034,0.847058883368,0.678431372549,1],"ix":4},"o":{"a":0,"k":100,"ix":5},"r":1,"bm":0,"nm":"Fill 1","mn":"ADBE Vector Graphic - Fill","hd":false},{"ty":"tr","p":{"a":0,"k":[36.524,191.37],"ix":2},"a":{"a":0,"k":[0,0],"ix":1},"s":{"a":0,"k":[100,100],"ix":3},"r":{"a":0,"k":0,"ix":6},"o":{"a":0,"k":100,"ix":7},"sk":{"a":0,"k":0,"ix":4},"sa":{"a":0,"k":0,"ix":5},"nm":"Transform"}],"nm":"Group 5","np":4,"cix":2,"bm":0,"ix":5,"mn":"ADBE Vector Group","hd":false},{"ty":"gr","it":[{"ind":0,"ty":"sh","ix":1,"ks":{"a":0,"k":{"i":[[-0.764,14.902],[-5.253,3.184],[-3.025,1.751],[-9.075,-7.163],[0,-16.875],[14.646,7.483]],"o":[[0.764,-14.901],[10.699,4.202],[1.273,-1.433],[9.106,7.189],[-21.397,17.958],[-0.318,-2.706]],"v":[[-35.482,-6.632],[-18.766,-34.81],[4.693,-34.81],[27.14,-27.086],[35.737,18.286],[-35.482,20.114]],"c":true},"ix":2},"nm":"Path 1","mn":"ADBE Vector Shape - Group","hd":false},{"ty":"st","c":{"a":0,"k":[0.125490196078,0.380392186782,0.301960784314,1],"ix":3},"o":{"a":0,"k":100,"ix":4},"w":{"a":0,"k":3.211,"ix":5},"lc":2,"lj":2,"bm":0,"nm":"Stroke 1","mn":"ADBE Vector Graphic - Stroke","hd":false},{"ty":"tr","p":{"a":0,"k":[39.457,230.165],"ix":2},"a":{"a":0,"k":[0,0],"ix":1},"s":{"a":0,"k":[100,100],"ix":3},"r":{"a":0,"k":0,"ix":6},"o":{"a":0,"k":100,"ix":7},"sk":{"a":0,"k":0,"ix":4},"sa":{"a":0,"k":0,"ix":5},"nm":"Transform"}],"nm":"Group 6","np":2,"cix":2,"bm":0,"ix":6,"mn":"ADBE Vector Group","hd":false},{"ty":"gr","it":[{"ind":0,"ty":"sh","ix":1,"ks":{"a":0,"k":{"i":[[-0.764,14.902],[-5.253,3.184],[-3.025,1.751],[-9.075,-7.163],[0,-16.875],[14.646,7.483]],"o":[[0.764,-14.901],[10.699,4.202],[1.273,-1.433],[9.106,7.189],[-21.397,17.958],[-0.318,-2.706]],"v":[[-35.482,-6.632],[-18.766,-34.81],[4.693,-34.81],[27.14,-27.086],[35.737,18.286],[-35.482,20.114]],"c":true},"ix":2},"nm":"Path 1","mn":"ADBE Vector Shape - Group","hd":false},{"ty":"fl","c":{"a":0,"k":[0.913725550034,0.847058883368,0.678431372549,1],"ix":4},"o":{"a":0,"k":100,"ix":5},"r":1,"bm":0,"nm":"Fill 1","mn":"ADBE Vector Graphic - Fill","hd":false},{"ty":"tr","p":{"a":0,"k":[39.457,230.165],"ix":2},"a":{"a":0,"k":[0,0],"ix":1},"s":{"a":0,"k":[100,100],"ix":3},"r":{"a":0,"k":0,"ix":6},"o":{"a":0,"k":100,"ix":7},"sk":{"a":0,"k":0,"ix":4},"sa":{"a":0,"k":0,"ix":5},"nm":"Transform"}],"nm":"Group 7","np":4,"cix":2,"bm":0,"ix":7,"mn":"ADBE Vector Group","hd":false},{"ty":"gr","it":[{"ind":0,"ty":"sh","ix":1,"ks":{"a":0,"k":{"i":[[0,0],[30.411,2.444]],"o":[[-8.825,2.828],[0,0]],"v":[[32.244,-3.937],[-32.244,1.493]],"c":false},"ix":2},"nm":"Path 1","mn":"ADBE Vector Shape - Group","hd":false},{"ty":"st","c":{"a":0,"k":[0.125490196078,0.380392186782,0.301960784314,1],"ix":3},"o":{"a":0,"k":100,"ix":4},"w":{"a":0,"k":3.211,"ix":5},"lc":2,"lj":2,"bm":0,"nm":"Stroke 1","mn":"ADBE Vector Graphic - Stroke","hd":false},{"ty":"tr","p":{"a":0,"k":[105.367,215.215],"ix":2},"a":{"a":0,"k":[0,0],"ix":1},"s":{"a":0,"k":[100,100],"ix":3},"r":{"a":0,"k":0,"ix":6},"o":{"a":0,"k":100,"ix":7},"sk":{"a":0,"k":0,"ix":4},"sa":{"a":0,"k":0,"ix":5},"nm":"Transform"}],"nm":"Group 8","np":2,"cix":2,"bm":0,"ix":8,"mn":"ADBE Vector Group","hd":false},{"ty":"gr","it":[{"ind":0,"ty":"sh","ix":1,"ks":{"a":0,"k":{"i":[[0,0],[-33.107,13.54]],"o":[[-0.61,3.391],[0,0]],"v":[[15.283,-23.224],[43.857,-11.751]],"c":false},"ix":2},"nm":"Path 1","mn":"ADBE Vector Shape - Group","hd":false},{"ind":1,"ty":"sh","ix":2,"ks":{"a":0,"k":{"i":[[0,0],[-3.002,-0.724],[-4.297,-5.254]],"o":[[2.702,0.295],[7.7,1.859],[0,0]],"v":[[15.283,-23.224],[23.846,-21.717],[43.857,-11.751]],"c":false},"ix":2},"nm":"Path 2","mn":"ADBE Vector Shape - Group","hd":false},{"ind":2,"ty":"sh","ix":3,"ks":{"a":0,"k":{"i":[[0,0],[3.009,-8.69]],"o":[[2.737,1.089],[0,0]],"v":[[-40.91,-18.608],[-36.459,-4.479]],"c":false},"ix":2},"nm":"Path 3","mn":"ADBE Vector Shape - Group","hd":false},{"ind":3,"ty":"sh","ix":4,"ks":{"a":0,"k":{"i":[[0,0],[-4.046,5.578]],"o":[[0.598,-10.858],[0,0]],"v":[[-48.939,5.796],[-40.91,-18.608]],"c":false},"ix":2},"nm":"Path 4","mn":"ADBE Vector Shape - Group","hd":false},{"ind":4,"ty":"sh","ix":5,"ks":{"a":0,"k":{"i":[[0,0],[-7.329,-0.801]],"o":[[4.729,-1.106],[0,0]],"v":[[-2.949,-22.311],[15.283,-23.224]],"c":false},"ix":2},"nm":"Path 5","mn":"ADBE Vector Shape - Group","hd":false},{"ind":5,"ty":"sh","ix":6,"ks":{"a":0,"k":{"i":[[0,0],[3.677,0.624],[-0.209,-2.911],[1.481,6.028],[4.256,-5.87]],"o":[[-0.176,-1.603],[-4.596,-0.78],[-3.232,-0.038],[0,0],[0,0]],"v":[[-2.949,-22.311],[-7.251,-32.294],[-16.876,-21.218],[-38.025,-28.456],[-40.91,-18.608]],"c":false},"ix":2},"nm":"Path 6","mn":"ADBE Vector Shape - Group","hd":false},{"ind":6,"ty":"sh","ix":7,"ks":{"a":0,"k":{"i":[[0,0],[-4.308,1.008]],"o":[[1.692,-1.143],[0,0]],"v":[[-12.059,-18.74],[-2.949,-22.311]],"c":false},"ix":2},"nm":"Path 7","mn":"ADBE Vector Shape - Group","hd":false},{"ind":7,"ty":"sh","ix":8,"ks":{"a":0,"k":{"i":[[0,0],[0,0],[12.331,0],[3.002,3.821],[0,3.387]],"o":[[0,0],[0,2.293],[-32.045,0],[-2.402,-3.057],[0,0]],"v":[[51.34,11.321],[51.34,30.457],[15.169,32.464],[-48.939,29.253],[-48.939,5.796]],"c":false},"ix":2},"nm":"Path 8","mn":"ADBE Vector Shape - Group","hd":false},{"ind":8,"ty":"sh","ix":9,"ks":{"a":0,"k":{"i":[[0,0],[6.019,5.172]],"o":[[-0.858,-3.461],[0,0]],"v":[[51.34,11.321],[43.857,-11.751]],"c":false},"ix":2},"nm":"Path 9","mn":"ADBE Vector Shape - Group","hd":false},{"ind":9,"ty":"sh","ix":10,"ks":{"a":0,"k":{"i":[[0,0],[-1.228,22.283]],"o":[[-34.164,3.481],[0,0]],"v":[[51.34,11.321],[-48.939,5.796]],"c":false},"ix":2},"nm":"Path 10","mn":"ADBE Vector Shape - Group","hd":false},{"ty":"mm","mm":1,"nm":"Merge Paths 1","mn":"ADBE Vector Filter - Merge","hd":false},{"ty":"st","c":{"a":0,"k":[0.125490196078,0.380392186782,0.301960784314,1],"ix":3},"o":{"a":0,"k":100,"ix":4},"w":{"a":0,"k":3.211,"ix":5},"lc":2,"lj":2,"bm":0,"nm":"Stroke 1","mn":"ADBE Vector Graphic - Stroke","hd":false},{"ty":"tr","p":{"a":0,"k":[91.149,217.684],"ix":2},"a":{"a":0,"k":[0,0],"ix":1},"s":{"a":0,"k":[100,100],"ix":3},"r":{"a":0,"k":0,"ix":6},"o":{"a":0,"k":100,"ix":7},"sk":{"a":0,"k":0,"ix":4},"sa":{"a":0,"k":0,"ix":5},"nm":"Transform"}],"nm":"Group 9","np":12,"cix":2,"bm":0,"ix":9,"mn":"ADBE Vector Group","hd":false},{"ty":"gr","it":[{"ind":0,"ty":"sh","ix":1,"ks":{"a":0,"k":{"i":[[-4.596,-0.78],[-0.176,-1.603],[-7.329,-0.801],[-3.002,-0.724],[-4.297,-5.254],[-0.858,-3.461],[0,0],[12.331,0],[3.002,3.821],[-0.208,4.43],[-0.011,0.202],[-4.046,5.578],[0.207,0.866],[0.016,0.066],[-0.031,-0.129],[-3.196,-0.037]],"o":[[3.677,0.624],[4.729,-1.106],[2.702,0.295],[7.7,1.859],[6.019,5.172],[0,0],[0,2.293],[-32.045,0],[-2.284,-2.906],[0,-0.196],[0.598,-10.858],[3.705,-5.11],[-0.02,-0.065],[0,0],[1.784,5.858],[-0.209,-2.911]],"v":[[-7.309,-32.294],[-3.008,-22.311],[15.223,-23.224],[23.788,-21.717],[43.799,-11.751],[51.281,11.321],[51.281,30.457],[15.111,32.464],[-48.997,29.253],[-49.014,6.392],[-48.997,5.796],[-40.969,-18.608],[-38.029,-28.26],[-38.083,-28.456],[-38.029,-28.26],[-16.934,-21.218]],"c":true},"ix":2},"nm":"Path 1","mn":"ADBE Vector Shape - Group","hd":false},{"ty":"fl","c":{"a":0,"k":[0.913725550034,0.847058883368,0.678431372549,1],"ix":4},"o":{"a":0,"k":100,"ix":5},"r":1,"bm":0,"nm":"Fill 1","mn":"ADBE Vector Graphic - Fill","hd":false},{"ty":"tr","p":{"a":0,"k":[91.208,217.684],"ix":2},"a":{"a":0,"k":[0,0],"ix":1},"s":{"a":0,"k":[100,100],"ix":3},"r":{"a":0,"k":0,"ix":6},"o":{"a":0,"k":100,"ix":7},"sk":{"a":0,"k":0,"ix":4},"sa":{"a":0,"k":0,"ix":5},"nm":"Transform"}],"nm":"Group 10","np":4,"cix":2,"bm":0,"ix":10,"mn":"ADBE Vector Group","hd":false},{"ty":"gr","it":[{"ind":0,"ty":"sh","ix":1,"ks":{"a":0,"k":{"i":[[2.411,0.885],[-0.883,3.211],[-1.429,-4.013],[1.207,-2.809]],"o":[[-1.928,-0.709],[1.851,-6.7],[1.139,3.198],[-1.005,2.339]],"v":[[-16.462,3.989],[-14.454,-6.449],[17.251,-0.428],[14.445,10.81]],"c":true},"ix":2},"nm":"Path 1","mn":"ADBE Vector Shape - Group","hd":false},{"ty":"st","c":{"a":0,"k":[0.125490196078,0.380392186782,0.301960784314,1],"ix":3},"o":{"a":0,"k":100,"ix":4},"w":{"a":0,"k":3.211,"ix":5},"lc":2,"lj":2,"bm":0,"nm":"Stroke 1","mn":"ADBE Vector Graphic - Stroke","hd":false},{"ty":"tr","p":{"a":0,"k":[47.315,147.729],"ix":2},"a":{"a":0,"k":[0,0],"ix":1},"s":{"a":0,"k":[100,100],"ix":3},"r":{"a":0,"k":0,"ix":6},"o":{"a":0,"k":100,"ix":7},"sk":{"a":0,"k":0,"ix":4},"sa":{"a":0,"k":0,"ix":5},"nm":"Transform"}],"nm":"Group 11","np":2,"cix":2,"bm":0,"ix":11,"mn":"ADBE Vector Group","hd":false},{"ty":"gr","it":[{"ind":0,"ty":"sh","ix":1,"ks":{"a":0,"k":{"i":[[2.411,0.885],[-0.883,3.211],[-1.429,-4.013],[1.207,-2.809]],"o":[[-1.928,-0.709],[1.851,-6.7],[1.139,3.198],[-1.005,2.339]],"v":[[-16.462,3.989],[-14.454,-6.449],[17.251,-0.428],[14.445,10.81]],"c":true},"ix":2},"nm":"Path 1","mn":"ADBE Vector Shape - Group","hd":false},{"ty":"fl","c":{"a":0,"k":[1,1,1,1],"ix":4},"o":{"a":0,"k":100,"ix":5},"r":1,"bm":0,"nm":"Fill 1","mn":"ADBE Vector Graphic - Fill","hd":false},{"ty":"tr","p":{"a":0,"k":[47.315,147.729],"ix":2},"a":{"a":0,"k":[0,0],"ix":1},"s":{"a":0,"k":[100,100],"ix":3},"r":{"a":0,"k":0,"ix":6},"o":{"a":0,"k":100,"ix":7},"sk":{"a":0,"k":0,"ix":4},"sa":{"a":0,"k":0,"ix":5},"nm":"Transform"}],"nm":"Group 12","np":4,"cix":2,"bm":0,"ix":12,"mn":"ADBE Vector Group","hd":false},{"ty":"gr","it":[{"ind":0,"ty":"sh","ix":1,"ks":{"a":0,"k":{"i":[[1.737,0.845],[-1.21,2.545],[-2.407,-2.007],[0.806,-3.613]],"o":[[-1.39,-0.675],[2.901,-4.373],[1.924,1.604],[-0.728,3.261]],"v":[[-12.733,2.512],[-10.682,-7.472],[12.2,-1.049],[10.193,8.584]],"c":true},"ix":2},"nm":"Path 1","mn":"ADBE Vector Shape - Group","hd":false},{"ty":"st","c":{"a":0,"k":[0.125490196078,0.380392186782,0.301960784314,1],"ix":3},"o":{"a":0,"k":100,"ix":4},"w":{"a":0,"k":3.211,"ix":5},"lc":2,"lj":2,"bm":0,"nm":"Stroke 1","mn":"ADBE Vector Graphic - Stroke","hd":false},{"ty":"tr","p":{"a":0,"k":[73.651,155.977],"ix":2},"a":{"a":0,"k":[0,0],"ix":1},"s":{"a":0,"k":[100,100],"ix":3},"r":{"a":0,"k":0,"ix":6},"o":{"a":0,"k":100,"ix":7},"sk":{"a":0,"k":0,"ix":4},"sa":{"a":0,"k":0,"ix":5},"nm":"Transform"}],"nm":"Group 13","np":2,"cix":2,"bm":0,"ix":13,"mn":"ADBE Vector Group","hd":false},{"ty":"gr","it":[{"ind":0,"ty":"sh","ix":1,"ks":{"a":0,"k":{"i":[[1.737,0.845],[-1.21,2.545],[-2.407,-2.007],[0.806,-3.613]],"o":[[-1.39,-0.675],[2.901,-4.373],[1.924,1.604],[-0.728,3.261]],"v":[[-12.733,2.512],[-10.682,-7.472],[12.2,-1.049],[10.193,8.584]],"c":true},"ix":2},"nm":"Path 1","mn":"ADBE Vector Shape - Group","hd":false},{"ty":"fl","c":{"a":0,"k":[1,1,1,1],"ix":4},"o":{"a":0,"k":100,"ix":5},"r":1,"bm":0,"nm":"Fill 1","mn":"ADBE Vector Graphic - Fill","hd":false},{"ty":"tr","p":{"a":0,"k":[73.651,155.977],"ix":2},"a":{"a":0,"k":[0,0],"ix":1},"s":{"a":0,"k":[100,100],"ix":3},"r":{"a":0,"k":0,"ix":6},"o":{"a":0,"k":100,"ix":7},"sk":{"a":0,"k":0,"ix":4},"sa":{"a":0,"k":0,"ix":5},"nm":"Transform"}],"nm":"Group 14","np":4,"cix":2,"bm":0,"ix":14,"mn":"ADBE Vector Group","hd":false},{"ty":"gr","it":[{"ind":0,"ty":"sh","ix":1,"ks":{"a":0,"k":{"i":[[0,0],[0,0],[0,0],[0,0]],"o":[[0,0],[0,0],[0,0],[0,0]],"v":[[27.423,-66.525],[3.794,-76.512],[2.544,-73.555],[26.173,-63.567]],"c":true},"ix":2},"nm":"Path 1","mn":"ADBE Vector Shape - Group","hd":false},{"ind":1,"ty":"sh","ix":2,"ks":{"a":0,"k":{"i":[[0,0],[-7.522,62.497],[0,0],[6.577,-26.289]],"o":[[6.531,-26.104],[0,0],[-7.49,62.233],[0,0]],"v":[[-1.872,76.271],[28.392,-64.854],[25.204,-65.238],[-4.987,75.492]],"c":true},"ix":2},"nm":"Path 2","mn":"ADBE Vector Shape - Group","hd":false},{"ind":2,"ty":"sh","ix":3,"ks":{"a":0,"k":{"i":[[0,0],[0,0],[0,0],[0,0]],"o":[[0,0],[0,0],[0,0],[0,0]],"v":[[-27.264,71.555],[-3.821,77.439],[-3.039,74.324],[-26.482,68.441]],"c":true},"ix":2},"nm":"Path 3","mn":"ADBE Vector Shape - Group","hd":false},{"ind":3,"ty":"sh","ix":4,"ks":{"a":0,"k":{"i":[[0,0],[1.711,-11.608],[3.022,-14.521],[6.58,-18.695],[0,0],[-6.059,29.105],[-1.715,11.628],[0.413,5.16]],"o":[[0.38,4.744],[-1.703,11.548],[-6.05,29.061],[0,0],[6.652,-18.898],[3.032,-14.562],[1.705,-11.569],[0,0]],"v":[[1.568,-74.906],[-0.584,-49.537],[-7.867,-9.515],[-28.387,69.465],[-25.358,70.532],[-4.724,-8.86],[2.593,-49.069],[4.769,-75.162]],"c":true},"ix":2},"nm":"Path 4","mn":"ADBE Vector Shape - Group","hd":false},{"ind":4,"ty":"sh","ix":5,"ks":{"a":0,"k":{"i":[[0,0],[0,0],[0,0],[0,0]],"o":[[0,0],[0,0],[0,0],[0,0]],"v":[[26.798,-65.046],[28.392,-64.854],[28.537,-66.055],[27.423,-66.525]],"c":true},"ix":2},"nm":"Path 5","mn":"ADBE Vector Shape - Group","hd":false},{"ind":5,"ty":"sh","ix":6,"ks":{"a":0,"k":{"i":[[0,0],[0,0],[-0.365,0.219],[-0.104,0.414]],"o":[[0,0],[0.414,0.104],[0.366,-0.219],[0,0]],"v":[[-3.43,75.882],[-3.821,77.439],[-2.605,77.258],[-1.872,76.271]],"c":true},"ix":2},"nm":"Path 6","mn":"ADBE Vector Shape - Group","hd":false},{"ind":6,"ty":"sh","ix":7,"ks":{"a":0,"k":{"i":[[0,0],[0,0],[-0.214,-0.398],[-0.438,-0.11]],"o":[[0,0],[-0.15,0.426],[0.214,0.398],[0,0]],"v":[[-26.873,69.999],[-28.387,69.465],[-28.287,70.758],[-27.264,71.555]],"c":true},"ix":2},"nm":"Path 7","mn":"ADBE Vector Shape - Group","hd":false},{"ind":7,"ty":"sh","ix":8,"ks":{"a":0,"k":{"i":[[0,0],[0,0],[0,0],[0,0]],"o":[[0,0],[0,0],[0,0],[0,0]],"v":[[3.169,-75.034],[3.794,-76.512],[1.357,-77.542],[1.568,-74.906]],"c":true},"ix":2},"nm":"Path 8","mn":"ADBE Vector Shape - Group","hd":false},{"ty":"mm","mm":1,"nm":"Merge Paths 1","mn":"ADBE Vector Filter - Merge","hd":false},{"ty":"fl","c":{"a":0,"k":[0.125490196078,0.380392186782,0.301960784314,1],"ix":4},"o":{"a":0,"k":100,"ix":5},"r":1,"bm":0,"nm":"Fill 1","mn":"ADBE Vector Graphic - Fill","hd":false},{"ty":"tr","p":{"a":0,"k":[63.414,77.792],"ix":2},"a":{"a":0,"k":[0,0],"ix":1},"s":{"a":0,"k":[100,100],"ix":3},"r":{"a":0,"k":0,"ix":6},"o":{"a":0,"k":100,"ix":7},"sk":{"a":0,"k":0,"ix":4},"sa":{"a":0,"k":0,"ix":5},"nm":"Transform"}],"nm":"Group 15","np":12,"cix":2,"bm":0,"ix":15,"mn":"ADBE Vector Group","hd":false},{"ty":"gr","it":[{"ind":0,"ty":"sh","ix":1,"ks":{"a":0,"k":{"i":[[0,0],[1.584,19.807],[0,0],[6.555,-26.197]],"o":[[13.233,-37.594],[0,0],[-7.506,62.365],[0,0]],"v":[[-26.835,69.575],[3.206,-75.458],[26.835,-65.47],[-3.393,75.458]],"c":true},"ix":2},"nm":"Path 1","mn":"ADBE Vector Shape - Group","hd":false},{"ty":"fl","c":{"a":0,"k":[0.992156922583,0.976470648074,0.952941236309,1],"ix":4},"o":{"a":0,"k":100,"ix":5},"r":1,"bm":0,"nm":"Fill 1","mn":"ADBE Vector Graphic - Fill","hd":false},{"ty":"tr","p":{"a":0,"k":[63.377,78.216],"ix":2},"a":{"a":0,"k":[0,0],"ix":1},"s":{"a":0,"k":[100,100],"ix":3},"r":{"a":0,"k":0,"ix":6},"o":{"a":0,"k":100,"ix":7},"sk":{"a":0,"k":0,"ix":4},"sa":{"a":0,"k":0,"ix":5},"nm":"Transform"}],"nm":"Group 16","np":4,"cix":2,"bm":0,"ix":16,"mn":"ADBE Vector Group","hd":false},{"ty":"gr","it":[{"ind":0,"ty":"sh","ix":1,"ks":{"a":0,"k":{"i":[[0,0],[0,0],[0,0],[0,0]],"o":[[0,0],[0,0],[0,0],[0,0]],"v":[[27.424,-66.525],[3.794,-76.512],[2.544,-73.554],[26.173,-63.567]],"c":true},"ix":2},"nm":"Path 1","mn":"ADBE Vector Shape - Group","hd":false},{"ind":1,"ty":"sh","ix":2,"ks":{"a":0,"k":{"i":[[0,0],[-7.522,62.498],[0,0],[6.577,-26.288]],"o":[[6.532,-26.105],[0,0],[-7.49,62.233],[0,0]],"v":[[-1.872,76.271],[28.393,-64.854],[25.204,-65.237],[-4.987,75.492]],"c":true},"ix":2},"nm":"Path 2","mn":"ADBE Vector Shape - Group","hd":false},{"ind":2,"ty":"sh","ix":3,"ks":{"a":0,"k":{"i":[[0,0],[0,0],[0,0],[0,0]],"o":[[0,0],[0,0],[0,0],[0,0]],"v":[[-27.263,71.557],[-3.82,77.439],[-3.039,74.325],[-26.482,68.441]],"c":true},"ix":2},"nm":"Path 3","mn":"ADBE Vector Shape - Group","hd":false},{"ind":3,"ty":"sh","ix":4,"ks":{"a":0,"k":{"i":[[0,0],[1.711,-11.607],[3.023,-14.521],[6.581,-18.695],[0,0],[-6.059,29.106],[-1.714,11.628],[0.413,5.16]],"o":[[0.379,4.744],[-1.702,11.549],[-6.05,29.06],[0,0],[6.652,-18.897],[3.031,-14.562],[1.706,-11.569],[0,0]],"v":[[1.569,-74.905],[-0.584,-49.537],[-7.867,-9.514],[-28.387,69.465],[-25.358,70.532],[-4.723,-8.86],[2.593,-49.068],[4.77,-75.161]],"c":true},"ix":2},"nm":"Path 4","mn":"ADBE Vector Shape - Group","hd":false},{"ind":4,"ty":"sh","ix":5,"ks":{"a":0,"k":{"i":[[0,0],[0,0],[0,0],[0,0]],"o":[[0,0],[0,0],[0,0],[0,0]],"v":[[26.799,-65.046],[28.393,-64.854],[28.537,-66.054],[27.424,-66.525]],"c":true},"ix":2},"nm":"Path 5","mn":"ADBE Vector Shape - Group","hd":false},{"ind":5,"ty":"sh","ix":6,"ks":{"a":0,"k":{"i":[[0,0],[0,0],[-0.366,0.219],[-0.103,0.413]],"o":[[0,0],[0.413,0.103],[0.365,-0.219],[0,0]],"v":[[-3.43,75.882],[-3.82,77.439],[-2.604,77.258],[-1.872,76.271]],"c":true},"ix":2},"nm":"Path 6","mn":"ADBE Vector Shape - Group","hd":false},{"ind":6,"ty":"sh","ix":7,"ks":{"a":0,"k":{"i":[[0,0],[0,0],[-0.214,-0.397],[-0.438,-0.11]],"o":[[0,0],[-0.15,0.426],[0.214,0.398],[0,0]],"v":[[-26.872,69.999],[-28.387,69.465],[-28.287,70.758],[-27.263,71.557]],"c":true},"ix":2},"nm":"Path 7","mn":"ADBE Vector Shape - Group","hd":false},{"ind":7,"ty":"sh","ix":8,"ks":{"a":0,"k":{"i":[[0,0],[0,0],[0,0],[0,0]],"o":[[0,0],[0,0],[0,0],[0,0]],"v":[[3.169,-75.033],[3.794,-76.512],[1.358,-77.542],[1.569,-74.905]],"c":true},"ix":2},"nm":"Path 8","mn":"ADBE Vector Shape - Group","hd":false},{"ty":"mm","mm":1,"nm":"Merge Paths 1","mn":"ADBE Vector Filter - Merge","hd":false},{"ty":"fl","c":{"a":0,"k":[0.125490196078,0.380392186782,0.301960784314,1],"ix":4},"o":{"a":0,"k":100,"ix":5},"r":1,"bm":0,"nm":"Fill 1","mn":"ADBE Vector Graphic - Fill","hd":false},{"ty":"tr","p":{"a":0,"k":[87.148,81.128],"ix":2},"a":{"a":0,"k":[0,0],"ix":1},"s":{"a":0,"k":[100,100],"ix":3},"r":{"a":0,"k":0,"ix":6},"o":{"a":0,"k":100,"ix":7},"sk":{"a":0,"k":0,"ix":4},"sa":{"a":0,"k":0,"ix":5},"nm":"Transform"}],"nm":"Group 17","np":12,"cix":2,"bm":0,"ix":17,"mn":"ADBE Vector Group","hd":false},{"ty":"gr","it":[{"ind":0,"ty":"sh","ix":1,"ks":{"a":0,"k":{"i":[[0,0],[1.585,19.806],[0,0],[6.555,-26.197]],"o":[[13.232,-37.593],[0,0],[-7.507,62.366],[0,0]],"v":[[-26.836,69.574],[3.205,-75.458],[26.835,-65.471],[-3.394,75.458]],"c":true},"ix":2},"nm":"Path 1","mn":"ADBE Vector Shape - Group","hd":false},{"ty":"fl","c":{"a":0,"k":[0.992156922583,0.976470648074,0.952941236309,1],"ix":4},"o":{"a":0,"k":100,"ix":5},"r":1,"bm":0,"nm":"Fill 1","mn":"ADBE Vector Graphic - Fill","hd":false},{"ty":"tr","p":{"a":0,"k":[87.112,81.553],"ix":2},"a":{"a":0,"k":[0,0],"ix":1},"s":{"a":0,"k":[100,100],"ix":3},"r":{"a":0,"k":0,"ix":6},"o":{"a":0,"k":100,"ix":7},"sk":{"a":0,"k":0,"ix":4},"sa":{"a":0,"k":0,"ix":5},"nm":"Transform"}],"nm":"Group 18","np":4,"cix":2,"bm":0,"ix":18,"mn":"ADBE Vector Group","hd":false},{"ty":"gr","it":[{"ind":0,"ty":"sh","ix":1,"ks":{"a":0,"k":{"i":[[0,0],[1.182,-7.001],[0,0],[0,0],[0,0]],"o":[[0.043,1.91],[0,0],[0,0],[0,0],[0,0]],"v":[[17.111,-18.601],[12.812,2.992],[8.165,23.813],[-17.154,18.162],[-6.411,-23.813]],"c":true},"ix":2},"nm":"Path 1","mn":"ADBE Vector Shape - Group","hd":false},{"ty":"st","c":{"a":0,"k":[0.125490196078,0.380392186782,0.301960784314,1],"ix":3},"o":{"a":0,"k":100,"ix":4},"w":{"a":0,"k":3.211,"ix":5},"lc":2,"lj":2,"bm":0,"nm":"Stroke 1","mn":"ADBE Vector Graphic - Stroke","hd":false},{"ty":"tr","p":{"a":0,"k":[42.96,171.602],"ix":2},"a":{"a":0,"k":[0,0],"ix":1},"s":{"a":0,"k":[100,100],"ix":3},"r":{"a":0,"k":0,"ix":6},"o":{"a":0,"k":100,"ix":7},"sk":{"a":0,"k":0,"ix":4},"sa":{"a":0,"k":0,"ix":5},"nm":"Transform"}],"nm":"Group 19","np":2,"cix":2,"bm":0,"ix":19,"mn":"ADBE Vector Group","hd":false},{"ty":"gr","it":[{"ind":0,"ty":"sh","ix":1,"ks":{"a":0,"k":{"i":[[0,0],[1.182,-7.001],[0,0],[0,0],[0,0]],"o":[[0.043,1.91],[0,0],[0,0],[0,0],[0,0]],"v":[[17.111,-18.601],[12.812,2.992],[8.165,23.813],[-17.154,18.162],[-6.411,-23.813]],"c":true},"ix":2},"nm":"Path 1","mn":"ADBE Vector Shape - Group","hd":false},{"ty":"fl","c":{"a":0,"k":[1,1,1,1],"ix":4},"o":{"a":0,"k":100,"ix":5},"r":1,"bm":0,"nm":"Fill 1","mn":"ADBE Vector Graphic - Fill","hd":false},{"ty":"tr","p":{"a":0,"k":[42.96,171.602],"ix":2},"a":{"a":0,"k":[0,0],"ix":1},"s":{"a":0,"k":[100,100],"ix":3},"r":{"a":0,"k":0,"ix":6},"o":{"a":0,"k":100,"ix":7},"sk":{"a":0,"k":0,"ix":4},"sa":{"a":0,"k":0,"ix":5},"nm":"Transform"}],"nm":"Group 20","np":4,"cix":2,"bm":0,"ix":20,"mn":"ADBE Vector Group","hd":false},{"ty":"gr","it":[{"ind":0,"ty":"sh","ix":1,"ks":{"a":0,"k":{"i":[[0,0],[1.183,-7.001],[0,0],[0,0],[0,0]],"o":[[0.042,1.91],[0,0],[0,0],[0,0],[0,0]],"v":[[17.112,-18.6],[12.812,2.992],[8.166,23.813],[-17.154,18.163],[-6.412,-23.813]],"c":true},"ix":2},"nm":"Path 1","mn":"ADBE Vector Shape - Group","hd":false},{"ty":"st","c":{"a":0,"k":[0.125490196078,0.380392186782,0.301960784314,1],"ix":3},"o":{"a":0,"k":100,"ix":4},"w":{"a":0,"k":3.211,"ix":5},"lc":2,"lj":2,"bm":0,"nm":"Stroke 1","mn":"ADBE Vector Graphic - Stroke","hd":false},{"ty":"tr","p":{"a":0,"k":[66.686,174.935],"ix":2},"a":{"a":0,"k":[0,0],"ix":1},"s":{"a":0,"k":[100,100],"ix":3},"r":{"a":0,"k":0,"ix":6},"o":{"a":0,"k":100,"ix":7},"sk":{"a":0,"k":0,"ix":4},"sa":{"a":0,"k":0,"ix":5},"nm":"Transform"}],"nm":"Group 21","np":2,"cix":2,"bm":0,"ix":21,"mn":"ADBE Vector Group","hd":false},{"ty":"gr","it":[{"ind":0,"ty":"sh","ix":1,"ks":{"a":0,"k":{"i":[[0,0],[1.183,-7.001],[0,0],[0,0],[0,0]],"o":[[0.042,1.91],[0,0],[0,0],[0,0],[0,0]],"v":[[17.112,-18.6],[12.812,2.992],[8.166,23.813],[-17.154,18.163],[-6.412,-23.813]],"c":true},"ix":2},"nm":"Path 1","mn":"ADBE Vector Shape - Group","hd":false},{"ty":"fl","c":{"a":0,"k":[1,1,1,1],"ix":4},"o":{"a":0,"k":100,"ix":5},"r":1,"bm":0,"nm":"Fill 1","mn":"ADBE Vector Graphic - Fill","hd":false},{"ty":"tr","p":{"a":0,"k":[66.686,174.935],"ix":2},"a":{"a":0,"k":[0,0],"ix":1},"s":{"a":0,"k":[100,100],"ix":3},"r":{"a":0,"k":0,"ix":6},"o":{"a":0,"k":100,"ix":7},"sk":{"a":0,"k":0,"ix":4},"sa":{"a":0,"k":0,"ix":5},"nm":"Transform"}],"nm":"Group 22","np":4,"cix":2,"bm":0,"ix":22,"mn":"ADBE Vector Group","hd":false},{"ty":"gr","it":[{"ind":0,"ty":"sh","ix":1,"ks":{"a":0,"k":{"i":[[2.111,2.82],[7.027,1.405],[0,0]],"o":[[-2.111,-2.82],[0,0],[6.406,-0.201]],"v":[[10.804,1.805],[-12.915,-5.934],[-5.776,5.934]],"c":true},"ix":2},"nm":"Path 1","mn":"ADBE Vector Shape - Group","hd":false},{"ty":"fl","c":{"a":0,"k":[0.125490196078,0.380392186782,0.301960784314,1],"ix":4},"o":{"a":0,"k":100,"ix":5},"r":1,"bm":0,"nm":"Fill 1","mn":"ADBE Vector Graphic - Fill","hd":false},{"ty":"tr","p":{"a":0,"k":[70.311,185.683],"ix":2},"a":{"a":0,"k":[0,0],"ix":1},"s":{"a":0,"k":[100,100],"ix":3},"r":{"a":0,"k":0,"ix":6},"o":{"a":0,"k":100,"ix":7},"sk":{"a":0,"k":0,"ix":4},"sa":{"a":0,"k":0,"ix":5},"nm":"Transform"}],"nm":"Group 23","np":4,"cix":2,"bm":0,"ix":23,"mn":"ADBE Vector Group","hd":false}],"ip":0,"op":48,"st":0,"bm":0},{"ddd":0,"ind":9,"ty":4,"nm":"Layer 9 Outlines 7","sr":1,"ks":{"o":{"a":0,"k":100,"ix":11},"r":{"a":0,"k":0,"ix":10},"p":{"a":0,"k":[278.079,104.613,0],"ix":2},"a":{"a":0,"k":[31.092,23.846,0],"ix":1},"s":{"a":1,"k":[{"i":{"x":[0.833,0.833,0.833],"y":[0.833,0.833,0.833]},"o":{"x":[0.167,0.167,0.167],"y":[0.167,0.167,0.167]},"t":29,"s":[122.942,122.942,100]},{"t":37,"s":[2292.942,2292.942,100]}],"ix":6}},"ao":0,"shapes":[{"ty":"gr","it":[{"ind":0,"ty":"sh","ix":1,"ks":{"a":0,"k":{"i":[[0,0],[-0.171,-0.624],[-2.094,0.695],[-3.201,-0.672],[-1.344,-4.905],[3.328,-3.803],[5.833,-1.015],[4.185,0.011],[1.831,-0.129],[0.974,0.646],[0.616,1.279],[1.611,9.728],[-4.823,2.802],[-4.355,-7.673],[-0.035,-0.875],[-0.009,-0.197]],"o":[[0.009,0.654],[0.978,3.673],[3.118,-1.025],[4.75,1.011],[1.344,4.904],[-3.924,4.499],[-4.134,0.725],[-1.843,-0.01],[-1.088,0.074],[-1.232,-0.815],[-4.098,-8.552],[-0.908,-5.494],[7.593,-4.369],[0.43,0.764],[0.003,0.208],[0,0]],"v":[[1.009,-10.6],[1.192,-8.656],[8.421,-9.237],[18.092,-9.868],[29.498,-0.38],[25.608,14.26],[10.032,22.212],[-2.476,23.001],[-8.003,23.076],[-11.501,22.949],[-14.02,19.193],[-29.934,-5.15],[-22.827,-19.227],[0.361,-13.755],[0.981,-11.22],[0.997,-10.605]],"c":true},"ix":2},"nm":"Path 1","mn":"ADBE Vector Shape - Group","hd":false},{"ty":"fl","c":{"a":0,"k":[0.58431372549,1,0.666666666667,1],"ix":4},"o":{"a":0,"k":100,"ix":5},"r":1,"bm":0,"nm":"Fill 1","mn":"ADBE Vector Graphic - Fill","hd":false},{"ty":"tr","p":{"a":0,"k":[31.092,23.846],"ix":2},"a":{"a":0,"k":[0,0],"ix":1},"s":{"a":0,"k":[100,100],"ix":3},"r":{"a":0,"k":0,"ix":6},"o":{"a":0,"k":100,"ix":7},"sk":{"a":0,"k":0,"ix":4},"sa":{"a":0,"k":0,"ix":5},"nm":"Transform"}],"nm":"Group 1","np":4,"cix":2,"bm":0,"ix":1,"mn":"ADBE Vector Group","hd":false}],"ip":29,"op":77,"st":29,"bm":0},{"ddd":0,"ind":10,"ty":4,"nm":"Layer 9 Outlines 6","sr":1,"ks":{"o":{"a":0,"k":100,"ix":11},"r":{"a":0,"k":0,"ix":10},"p":{"a":0,"k":[278.079,104.613,0],"ix":2},"a":{"a":0,"k":[31.092,23.846,0],"ix":1},"s":{"a":1,"k":[{"i":{"x":[0.833,0.833,0.833],"y":[0.833,0.833,0.833]},"o":{"x":[0.167,0.167,0.167],"y":[0.167,0.167,0.167]},"t":28,"s":[122.942,122.942,100]},{"t":36,"s":[2292.942,2292.942,100]}],"ix":6}},"ao":0,"shapes":[{"ty":"gr","it":[{"ind":0,"ty":"sh","ix":1,"ks":{"a":0,"k":{"i":[[0,0],[-0.171,-0.624],[-2.094,0.695],[-3.201,-0.672],[-1.344,-4.905],[3.328,-3.803],[5.833,-1.015],[4.185,0.011],[1.831,-0.129],[0.974,0.646],[0.616,1.279],[1.611,9.728],[-4.823,2.802],[-4.355,-7.673],[-0.035,-0.875],[-0.009,-0.197]],"o":[[0.009,0.654],[0.978,3.673],[3.118,-1.025],[4.75,1.011],[1.344,4.904],[-3.924,4.499],[-4.134,0.725],[-1.843,-0.01],[-1.088,0.074],[-1.232,-0.815],[-4.098,-8.552],[-0.908,-5.494],[7.593,-4.369],[0.43,0.764],[0.003,0.208],[0,0]],"v":[[1.009,-10.6],[1.192,-8.656],[8.421,-9.237],[18.092,-9.868],[29.498,-0.38],[25.608,14.26],[10.032,22.212],[-2.476,23.001],[-8.003,23.076],[-11.501,22.949],[-14.02,19.193],[-29.934,-5.15],[-22.827,-19.227],[0.361,-13.755],[0.981,-11.22],[0.997,-10.605]],"c":true},"ix":2},"nm":"Path 1","mn":"ADBE Vector Shape - Group","hd":false},{"ty":"fl","c":{"a":0,"k":[0.58431372549,1,0.666666666667,1],"ix":4},"o":{"a":0,"k":100,"ix":5},"r":1,"bm":0,"nm":"Fill 1","mn":"ADBE Vector Graphic - Fill","hd":false},{"ty":"tr","p":{"a":0,"k":[31.092,23.846],"ix":2},"a":{"a":0,"k":[0,0],"ix":1},"s":{"a":0,"k":[100,100],"ix":3},"r":{"a":0,"k":0,"ix":6},"o":{"a":0,"k":100,"ix":7},"sk":{"a":0,"k":0,"ix":4},"sa":{"a":0,"k":0,"ix":5},"nm":"Transform"}],"nm":"Group 1","np":4,"cix":2,"bm":0,"ix":1,"mn":"ADBE Vector Group","hd":false}],"ip":28,"op":76,"st":28,"bm":0},{"ddd":0,"ind":11,"ty":4,"nm":"Layer 9 Outlines 5","sr":1,"ks":{"o":{"a":0,"k":100,"ix":11},"r":{"a":0,"k":0,"ix":10},"p":{"a":0,"k":[278.079,104.613,0],"ix":2},"a":{"a":0,"k":[31.092,23.846,0],"ix":1},"s":{"a":1,"k":[{"i":{"x":[0.833,0.833,0.833],"y":[0.833,0.833,0.833]},"o":{"x":[0.167,0.167,0.167],"y":[0.167,0.167,0.167]},"t":27,"s":[122.942,122.942,100]},{"t":35,"s":[2292.942,2292.942,100]}],"ix":6}},"ao":0,"shapes":[{"ty":"gr","it":[{"ind":0,"ty":"sh","ix":1,"ks":{"a":0,"k":{"i":[[0,0],[-0.171,-0.624],[-2.094,0.695],[-3.201,-0.672],[-1.344,-4.905],[3.328,-3.803],[5.833,-1.015],[4.185,0.011],[1.831,-0.129],[0.974,0.646],[0.616,1.279],[1.611,9.728],[-4.823,2.802],[-4.355,-7.673],[-0.035,-0.875],[-0.009,-0.197]],"o":[[0.009,0.654],[0.978,3.673],[3.118,-1.025],[4.75,1.011],[1.344,4.904],[-3.924,4.499],[-4.134,0.725],[-1.843,-0.01],[-1.088,0.074],[-1.232,-0.815],[-4.098,-8.552],[-0.908,-5.494],[7.593,-4.369],[0.43,0.764],[0.003,0.208],[0,0]],"v":[[1.009,-10.6],[1.192,-8.656],[8.421,-9.237],[18.092,-9.868],[29.498,-0.38],[25.608,14.26],[10.032,22.212],[-2.476,23.001],[-8.003,23.076],[-11.501,22.949],[-14.02,19.193],[-29.934,-5.15],[-22.827,-19.227],[0.361,-13.755],[0.981,-11.22],[0.997,-10.605]],"c":true},"ix":2},"nm":"Path 1","mn":"ADBE Vector Shape - Group","hd":false},{"ty":"fl","c":{"a":0,"k":[0.682114545037,0.109412092321,0.626004806219,1],"ix":4},"o":{"a":0,"k":100,"ix":5},"r":1,"bm":0,"nm":"Fill 1","mn":"ADBE Vector Graphic - Fill","hd":false},{"ty":"tr","p":{"a":0,"k":[31.092,23.846],"ix":2},"a":{"a":0,"k":[0,0],"ix":1},"s":{"a":0,"k":[100,100],"ix":3},"r":{"a":0,"k":0,"ix":6},"o":{"a":0,"k":100,"ix":7},"sk":{"a":0,"k":0,"ix":4},"sa":{"a":0,"k":0,"ix":5},"nm":"Transform"}],"nm":"Group 1","np":4,"cix":2,"bm":0,"ix":1,"mn":"ADBE Vector Group","hd":false}],"ip":27,"op":75,"st":27,"bm":0},{"ddd":0,"ind":12,"ty":4,"nm":"Layer 9 Outlines 4","sr":1,"ks":{"o":{"a":0,"k":100,"ix":11},"r":{"a":0,"k":0,"ix":10},"p":{"a":0,"k":[278.079,104.613,0],"ix":2},"a":{"a":0,"k":[31.092,23.846,0],"ix":1},"s":{"a":1,"k":[{"i":{"x":[0.833,0.833,0.833],"y":[0.833,0.833,0.833]},"o":{"x":[0.167,0.167,0.167],"y":[0.167,0.167,0.167]},"t":26,"s":[122.942,122.942,100]},{"t":34,"s":[2292.942,2292.942,100]}],"ix":6}},"ao":0,"shapes":[{"ty":"gr","it":[{"ind":0,"ty":"sh","ix":1,"ks":{"a":0,"k":{"i":[[0,0],[-0.171,-0.624],[-2.094,0.695],[-3.201,-0.672],[-1.344,-4.905],[3.328,-3.803],[5.833,-1.015],[4.185,0.011],[1.831,-0.129],[0.974,0.646],[0.616,1.279],[1.611,9.728],[-4.823,2.802],[-4.355,-7.673],[-0.035,-0.875],[-0.009,-0.197]],"o":[[0.009,0.654],[0.978,3.673],[3.118,-1.025],[4.75,1.011],[1.344,4.904],[-3.924,4.499],[-4.134,0.725],[-1.843,-0.01],[-1.088,0.074],[-1.232,-0.815],[-4.098,-8.552],[-0.908,-5.494],[7.593,-4.369],[0.43,0.764],[0.003,0.208],[0,0]],"v":[[1.009,-10.6],[1.192,-8.656],[8.421,-9.237],[18.092,-9.868],[29.498,-0.38],[25.608,14.26],[10.032,22.212],[-2.476,23.001],[-8.003,23.076],[-11.501,22.949],[-14.02,19.193],[-29.934,-5.15],[-22.827,-19.227],[0.361,-13.755],[0.981,-11.22],[0.997,-10.605]],"c":true},"ix":2},"nm":"Path 1","mn":"ADBE Vector Shape - Group","hd":false},{"ty":"fl","c":{"a":0,"k":[0.682114545037,0.109412092321,0.626004806219,1],"ix":4},"o":{"a":0,"k":100,"ix":5},"r":1,"bm":0,"nm":"Fill 1","mn":"ADBE Vector Graphic - Fill","hd":false},{"ty":"tr","p":{"a":0,"k":[31.092,23.846],"ix":2},"a":{"a":0,"k":[0,0],"ix":1},"s":{"a":0,"k":[100,100],"ix":3},"r":{"a":0,"k":0,"ix":6},"o":{"a":0,"k":100,"ix":7},"sk":{"a":0,"k":0,"ix":4},"sa":{"a":0,"k":0,"ix":5},"nm":"Transform"}],"nm":"Group 1","np":4,"cix":2,"bm":0,"ix":1,"mn":"ADBE Vector Group","hd":false}],"ip":26,"op":74,"st":26,"bm":0},{"ddd":0,"ind":13,"ty":4,"nm":"Layer 9 Outlines 3","sr":1,"ks":{"o":{"a":0,"k":100,"ix":11},"r":{"a":0,"k":0,"ix":10},"p":{"a":0,"k":[278.079,104.613,0],"ix":2},"a":{"a":0,"k":[31.092,23.846,0],"ix":1},"s":{"a":1,"k":[{"i":{"x":[0.833,0.833,0.833],"y":[0.833,0.833,0.833]},"o":{"x":[0.167,0.167,0.167],"y":[0.167,0.167,0.167]},"t":26,"s":[122.942,122.942,100]},{"t":34,"s":[2292.942,2292.942,100]}],"ix":6}},"ao":0,"shapes":[{"ty":"gr","it":[{"ind":0,"ty":"sh","ix":1,"ks":{"a":0,"k":{"i":[[0,0],[-0.171,-0.624],[-2.094,0.695],[-3.201,-0.672],[-1.344,-4.905],[3.328,-3.803],[5.833,-1.015],[4.185,0.011],[1.831,-0.129],[0.974,0.646],[0.616,1.279],[1.611,9.728],[-4.823,2.802],[-4.355,-7.673],[-0.035,-0.875],[-0.009,-0.197]],"o":[[0.009,0.654],[0.978,3.673],[3.118,-1.025],[4.75,1.011],[1.344,4.904],[-3.924,4.499],[-4.134,0.725],[-1.843,-0.01],[-1.088,0.074],[-1.232,-0.815],[-4.098,-8.552],[-0.908,-5.494],[7.593,-4.369],[0.43,0.764],[0.003,0.208],[0,0]],"v":[[1.009,-10.6],[1.192,-8.656],[8.421,-9.237],[18.092,-9.868],[29.498,-0.38],[25.608,14.26],[10.032,22.212],[-2.476,23.001],[-8.003,23.076],[-11.501,22.949],[-14.02,19.193],[-29.934,-5.15],[-22.827,-19.227],[0.361,-13.755],[0.981,-11.22],[0.997,-10.605]],"c":true},"ix":2},"nm":"Path 1","mn":"ADBE Vector Shape - Group","hd":false},{"ty":"fl","c":{"a":0,"k":[0.682114545037,0.109412092321,0.626004806219,1],"ix":4},"o":{"a":0,"k":100,"ix":5},"r":1,"bm":0,"nm":"Fill 1","mn":"ADBE Vector Graphic - Fill","hd":false},{"ty":"tr","p":{"a":0,"k":[31.092,23.846],"ix":2},"a":{"a":0,"k":[0,0],"ix":1},"s":{"a":0,"k":[100,100],"ix":3},"r":{"a":0,"k":0,"ix":6},"o":{"a":0,"k":100,"ix":7},"sk":{"a":0,"k":0,"ix":4},"sa":{"a":0,"k":0,"ix":5},"nm":"Transform"}],"nm":"Group 1","np":4,"cix":2,"bm":0,"ix":1,"mn":"ADBE Vector Group","hd":false}],"ip":26,"op":74,"st":26,"bm":0},{"ddd":0,"ind":14,"ty":4,"nm":"Layer 9 Outlines 2","sr":1,"ks":{"o":{"a":0,"k":100,"ix":11},"r":{"a":0,"k":0,"ix":10},"p":{"a":0,"k":[278.079,104.613,0],"ix":2},"a":{"a":0,"k":[31.092,23.846,0],"ix":1},"s":{"a":1,"k":[{"i":{"x":[0.833,0.833,0.833],"y":[0.833,0.833,0.833]},"o":{"x":[0.167,0.167,0.167],"y":[0.167,0.167,0.167]},"t":25,"s":[122.942,122.942,100]},{"t":33,"s":[2292.942,2292.942,100]}],"ix":6}},"ao":0,"shapes":[{"ty":"gr","it":[{"ind":0,"ty":"sh","ix":1,"ks":{"a":0,"k":{"i":[[0,0],[-0.171,-0.624],[-2.094,0.695],[-3.201,-0.672],[-1.344,-4.905],[3.328,-3.803],[5.833,-1.015],[4.185,0.011],[1.831,-0.129],[0.974,0.646],[0.616,1.279],[1.611,9.728],[-4.823,2.802],[-4.355,-7.673],[-0.035,-0.875],[-0.009,-0.197]],"o":[[0.009,0.654],[0.978,3.673],[3.118,-1.025],[4.75,1.011],[1.344,4.904],[-3.924,4.499],[-4.134,0.725],[-1.843,-0.01],[-1.088,0.074],[-1.232,-0.815],[-4.098,-8.552],[-0.908,-5.494],[7.593,-4.369],[0.43,0.764],[0.003,0.208],[0,0]],"v":[[1.009,-10.6],[1.192,-8.656],[8.421,-9.237],[18.092,-9.868],[29.498,-0.38],[25.608,14.26],[10.032,22.212],[-2.476,23.001],[-8.003,23.076],[-11.501,22.949],[-14.02,19.193],[-29.934,-5.15],[-22.827,-19.227],[0.361,-13.755],[0.981,-11.22],[0.997,-10.605]],"c":true},"ix":2},"nm":"Path 1","mn":"ADBE Vector Shape - Group","hd":false},{"ty":"fl","c":{"a":0,"k":[1,0.895770981733,0.58431372549,1],"ix":4},"o":{"a":0,"k":100,"ix":5},"r":1,"bm":0,"nm":"Fill 1","mn":"ADBE Vector Graphic - Fill","hd":false},{"ty":"tr","p":{"a":0,"k":[31.092,23.846],"ix":2},"a":{"a":0,"k":[0,0],"ix":1},"s":{"a":0,"k":[100,100],"ix":3},"r":{"a":0,"k":0,"ix":6},"o":{"a":0,"k":100,"ix":7},"sk":{"a":0,"k":0,"ix":4},"sa":{"a":0,"k":0,"ix":5},"nm":"Transform"}],"nm":"Group 1","np":4,"cix":2,"bm":0,"ix":1,"mn":"ADBE Vector Group","hd":false}],"ip":25,"op":73,"st":25,"bm":0},{"ddd":0,"ind":15,"ty":4,"nm":"Layer 9 Outlines","sr":1,"ks":{"o":{"a":0,"k":100,"ix":11},"r":{"a":0,"k":0,"ix":10},"p":{"a":0,"k":[278.079,104.613,0],"ix":2},"a":{"a":0,"k":[31.092,23.846,0],"ix":1},"s":{"a":1,"k":[{"i":{"x":[0.833,0.833,0.833],"y":[0.833,0.833,0.833]},"o":{"x":[0.167,0.167,0.167],"y":[0.167,0.167,0.167]},"t":24,"s":[122.942,122.942,100]},{"t":32,"s":[2292.942,2292.942,100]}],"ix":6}},"ao":0,"shapes":[{"ty":"gr","it":[{"ind":0,"ty":"sh","ix":1,"ks":{"a":0,"k":{"i":[[0,0],[-0.171,-0.624],[-2.094,0.695],[-3.201,-0.672],[-1.344,-4.905],[3.328,-3.803],[5.833,-1.015],[4.185,0.011],[1.831,-0.129],[0.974,0.646],[0.616,1.279],[1.611,9.728],[-4.823,2.802],[-4.355,-7.673],[-0.035,-0.875],[-0.009,-0.197]],"o":[[0.009,0.654],[0.978,3.673],[3.118,-1.025],[4.75,1.011],[1.344,4.904],[-3.924,4.499],[-4.134,0.725],[-1.843,-0.01],[-1.088,0.074],[-1.232,-0.815],[-4.098,-8.552],[-0.908,-5.494],[7.593,-4.369],[0.43,0.764],[0.003,0.208],[0,0]],"v":[[1.009,-10.6],[1.192,-8.656],[8.421,-9.237],[18.092,-9.868],[29.498,-0.38],[25.608,14.26],[10.032,22.212],[-2.476,23.001],[-8.003,23.076],[-11.501,22.949],[-14.02,19.193],[-29.934,-5.15],[-22.827,-19.227],[0.361,-13.755],[0.981,-11.22],[0.997,-10.605]],"c":true},"ix":2},"nm":"Path 1","mn":"ADBE Vector Shape - Group","hd":false},{"ty":"fl","c":{"a":0,"k":[0.58431372549,1,0.666666666667,1],"ix":4},"o":{"a":0,"k":100,"ix":5},"r":1,"bm":0,"nm":"Fill 1","mn":"ADBE Vector Graphic - Fill","hd":false},{"ty":"tr","p":{"a":0,"k":[31.092,23.846],"ix":2},"a":{"a":0,"k":[0,0],"ix":1},"s":{"a":0,"k":[100,100],"ix":3},"r":{"a":0,"k":0,"ix":6},"o":{"a":0,"k":100,"ix":7},"sk":{"a":0,"k":0,"ix":4},"sa":{"a":0,"k":0,"ix":5},"nm":"Transform"}],"nm":"Group 1","np":4,"cix":2,"bm":0,"ix":1,"mn":"ADBE Vector Group","hd":false}],"ip":24,"op":72,"st":24,"bm":0}],"markers":[]}